Workbook

Sheet CPI Inflation_Case Study
A1: Sector | B1: Year | C1: Month | D1: Cereals and products | E1: Meat and fish | F1: Egg | G1: Milk and products | H1: Oils and fats | I1: Fruits | J1: Vegetables | K1: Pulses and products | L1: Sugar and Confectionery | M1: Spices | N1: Non-alcoholic beverages | O1: Prepared meals, snacks, sweets etc. | P1: Food and beverages | Q1: Pan, tobacco and intoxicants | R1: Clothing | S1: Footwear | T1: Clothing and footwear | U1: Housing | V1: Fuel and light | W1: Household goods and services | X1: Health | Y1: Transport and communication | Z1: Recreation and amusement | AA1: Education | AB1: Personal care and effects | AC1: Miscellaneous | AD1: General index
A2: Rural | B2: 2013 | C2: January | D2: 107.5 | E2: 106.3 | F2: 108.1 | G2: 104.9 | H2: 106.1 | I2: 103.9 | J2: 101.9 | K2: 106.1 | L2: 106.8 | M2: 103.1 | N2: 104.8 | O2: 106.7 | P2: 105.5 | Q2: 105.1 | R2: 106.5 | S2: 105.8 | T2: 106.4 | U2: NA | V2: 105.5 | W2: 104.8 | X2: 104 | Y2: 103.3 | Z2: 103.4 | AA2: 103.8 | AB2: 104.7 | AC2: 104 | AD2: 105.1
A3: Urban | B3: 2013 | C3: January | D3: 110.5 | E3: 109.1 | F3: 113 | G3: 103.6 | H3: 103.4 | I3: 102.3 | J3: 102.9 | K3: 105.8 | L3: 105.1 | M3: 101.8 | N3: 105.1 | O3: 107.9 | P3: 105.9 | Q3: 105.2 | R3: 105.9 | S3: 105 | T3: 105.8 | U3: 100.3 | V3: 105.4 | W3: 104.8 | X3: 104.1 | Y3: 103.2 | Z3: 102.9 | AA3: 103.5 | AB3: 104.3 | AC3: 103.7 | AD3: 104
A4: Rural+Urban | B4: 2013 | C4: January | D4: 108.4 | E4: 107.3 | F4: 110 | G4: 104.4 | H4: 105.1 | I4: 103.2 | J4: 102.2 | K4: 106 | L4: 106.2 | M4: 102.7 | N4: 104.9 | O4: 107.3 | P4: 105.6 | Q4: 105.1 | R4: 106.3 | S4: 105.5 | T4: 106.2 | U4: 100.3 | V4: 105.5 | W4: 104.8 | X4: 104 | Y4: 103.2 | Z4: 103.1 | AA4: 103.6 | AB4: 104.5 | AC4: 103.9 | AD4: 104.6
A5: Rural | B5: 2013 | C5: February | D5: 109.2 | E5: 108.7 | F5: 110.2 | G5: 105.4 | H5: 106.7 | I5: 104 | J5: 102.4 | K5: 105.9 | L5: 105.7 | M5: 103.1 | N5: 105.1 | O5: 107.7 | P5: 106.3 | Q5: 105.6 | R5: 107.1 | S5: 106.3 | T5: 107 | U5: NA | V5: 106.2 | W5: 105.2 | X5: 104.4 | Y5: 103.9 | Z5: 104 | AA5: 104.1 | AB5: 104.6 | AC5: 104.4 | AD5: 105.8
A6: Urban | B6: 2013 | C6: February | D6: 112.9 | E6: 112.9 | F6: 116.9 | G6: 104 | H6: 103.5 | I6: 103.1 | J6: 104.9 | K6: 104.1 | L6: 103.8 | M6: 102.3 | N6: 106 | O6: 109 | P6: 107.2 | Q6: 106 | R6: 106.6 | S6: 105.5 | T6: 106.4 | U6: 100.4 | V6: 105.7 | W6: 105.2 | X6: 104.7 | Y6: 104.4 | Z6: 103.3 | AA6: 103.7 | AB6: 104.3 | AC6: 104.3 | AD6: 104.7
A7: Rural+Urban | B7: 2013 | C7: February | D7: 110.4 | E7: 110.2 | F7: 112.8 | G7: 104.9 | H7: 105.5 | I7: 103.6 | J7: 103.2 | K7: 105.3 | L7: 105.1 | M7: 102.8 | N7: 105.5 | O7: 108.3 | P7: 106.6 | Q7: 105.7 | R7: 106.9 | S7: 106 | T7: 106.8 | U7: 100.4 | V7: 106 | W7: 105.2 | X7: 104.5 | Y7: 104.2 | Z7: 103.6 | AA7: 103.9 | AB7: 104.5 | AC7: 104.4 | AD7: 105.3
A8: Rural | B8: 2013 | C8: March | D8: 110.2 | E8: 108.8 | F8: 109.9 | G8: 105.6 | H8: 106.2 | I8: 105.7 | J8: 101.4 | K8: 105.7 | L8: 105 | M8: 103.3 | N8: 105.6 | O8: 108.2 | P8: 106.6 | Q8: 106.5 | R8: 107.6 | S8: 106.8 | T8: 107.5 | U8: NA | V8: 106.1 | W8: 105.6 | X8: 104.7 | Y8: 104.6 | Z8: 104 | AA8: 104.3 | AB8: 104.3 | AC8: 104.6 | AD8: 106
A9: Urban | B9: 2013 | C9: March | D9: 113.9 | E9: 111.4 | F9: 113.2 | G9: 104.3 | H9: 102.7 | I9: 104.9 | J9: 103.8 | K9: 103.5 | L9: 102.6 | M9: 102.4 | N9: 107 | O9: 109.8 | P9: 107.3 | Q9: 106.8 | R9: 107.2 | S9: 106 | T9: 107 | U9: 100.4 | V9: 106 | W9: 105.7 | X9: 105.2 | Y9: 105.5 | Z9: 103.5 | AA9: 103.8 | AB9: 104.2 | AC9: 104.9 | AD9: 105
A10: Rural+Urban | B10: 2013 | C10: March | D10: 111.4 | E10: 109.7 | F10: 111.2 | G10: 105.1 | H10: 104.9 | I10: 105.3 | J10: 102.2 | K10: 105 | L10: 104.2 | M10: 103 | N10: 106.2 | O10: 108.9 | P10: 106.9 | Q10: 106.6 | R10: 107.4 | S10: 106.5 | T10: 107.3 | U10: 100.4 | V10: 106.1 | W10: 105.6 | X10: 104.9 | Y10: 105.1 | Z10: 103.7 | AA10: 104 | AB10: 104.3 | AC10: 104.7 | AD10: 105.5
A11: Rural | B11: 2013 | C11: April | D11: 110.2 | E11: 109.5 | F11: 106.9 | G11: 106.3 | H11: 105.7 | I11: 108.3 | J11: 103.4 | K11: 105.7 | L11: 104.2 | M11: 103.2 | N11: 106.5 | O11: 108.8 | P11: 107.1 | Q11: 107.1 | R11: 108.1 | S11: 107.4 | T11: 108 | U11: NA | V11: 106.5 | W11: 106.1 | X11: 105.1 | Y11: 104.4 | Z11: 104.5 | AA11: 104.8 | AB11: 102.7 | AC11: 104.6 | AD11: 106.4
A12: Urban | B12: 2013 | C12: April | D12: 114.6 | E12: 113.4 | F12: 106 | G12: 104.7 | H12: 102.1 | I12: 109.5 | J12: 109.7 | K12: 104.6 | L12: 102 | M12: 103.5 | N12: 108.2 | O12: 110.6 | P12: 108.8 | Q12: 108.5 | R12: 107.9 | S12: 106.4 | T12: 107.7 | U12: 100.5 | V12: 106.4 | W12: 106.5 | X12: 105.7 | Y12: 105 | Z12: 104 | AA12: 105.2 | AB12: 103.2 | AC12: 105.1 | AD12: 105.7
A13: Rural+Urban | B13: 2013 | C13: April | D13: 111.6 | E13: 110.9 | F13: 106.6 | G13: 105.7 | H13: 104.4 | I13: 108.9 | J13: 105.5 | K13: 105.3 | L13: 103.5 | M13: 103.3 | N13: 107.2 | O13: 109.6 | P13: 107.7 | Q13: 107.5 | R13: 108 | S13: 107 | T13: 107.9 | U13: 100.5 | V13: 106.5 | W13: 106.3 | X13: 105.3 | Y13: 104.7 | Z13: 104.2 | AA13: 105 | AB13: 102.9 | AC13: 104.8 | AD13: 106.1
A14: Rural | B14: 2013 | C14: May | D14: 110.9 | E14: 109.8 | F14: 105.9 | G14: 107.5 | H14: 105.3 | I14: 108.1 | J14: 107.3 | K14: 106.1 | L14: 103.7 | M14: 104 | N14: 107.4 | O14: 109.9 | P14: 108.1 | Q14: 108.1 | R14: 108.8 | S14: 107.9 | T14: 108.6 | U14: NA | V14: 107.5 | W14: 106.8 | X14: 105.7 | Y14: 104.1 | Z14: 105 | AA14: 105.5 | AB14: 102.1 | AC14: 104.8 | AD14: 107.2
A15: Urban | B15: 2013 | C15: May | D15: 115.4 | E15: 114.2 | F15: 102.7 | G15: 105.5 | H15: 101.5 | I15: 110.6 | J15: 123.7 | K15: 105.2 | L15: 101.9 | M15: 105 | N15: 109.1 | O15: 111.3 | P15: 111.1 | Q15: 109.8 | R15: 108.5 | S15: 106.7 | T15: 108.3 | U15: 100.5 | V15: 107.2 | W15: 107.1 | X15: 106.2 | Y15: 103.9 | Z15: 104.6 | AA15: 105.7 | AB15: 102.6 | AC15: 104.9 | AD15: 106.6
A16: Rural+Urban | B16: 2013 | C16: May | D16: 112.3 | E16: 111.3 | F16: 104.7 | G16: 106.8 | H16: 103.9 | I16: 109.3 | J16: 112.9 | K16: 105.8 | L16: 103.1 | M16: 104.3 | N16: 108.1 | O16: 110.5 | P16: 109.2 | Q16: 108.6 | R16: 108.7 | S16: 107.4 | T16: 108.5 | U16: 100.5 | V16: 107.4 | W16: 106.9 | X16: 105.9 | Y16: 104 | Z16: 104.8 | AA16: 105.6 | AB16: 102.3 | AC16: 104.8 | AD16: 106.9
A17: Rural | B17: 2013 | C17: June | D17: 112.3 | E17: 112.1 | F17: 108.1 | G17: 108.3 | H17: 105.9 | I17: 109.2 | J17: 118 | K17: 106.8 | L17: 104.1 | M17: 105.4 | N17: 108.2 | O17: 111 | P17: 110.6 | Q17: 109 | R17: 109.7 | S17: 108.8 | T17: 109.5 | U17: NA | V17: 108.5 | W17: 107.5 | X17: 106.3 | Y17: 105 | Z17: 105.6 | AA17: 106.5 | AB17: 102.5 | AC17: 105.5 | AD17: 108.9
A18: Urban | B18: 2013 | C18: June | D18: 117 | E18: 120.1 | F18: 112.5 | G18: 107.3 | H18: 101.3 | I18: 112.4 | J18: 143.6 | K18: 105.4 | L18: 101.4 | M18: 106.4 | N18: 110 | O18: 112.2 | P18: 115 | Q18: 110.9 | R18: 109.2 | S18: 107.2 | T18: 108.9 | U18: 106.6 | V18: 108 | W18: 107.7 | X18: 106.5 | Y18: 105.2 | Z18: 105.2 | AA18: 108.1 | AB18: 103.3 | AC18: 106.1 | AD18: 109.7
A19: Rural+Urban | B19: 2013 | C19: June | D19: 113.8 | E19: 114.9 | F19: 109.8 | G19: 107.9 | H19: 104.2 | I19: 110.7 | J19: 126.7 | K19: 106.3 | L19: 103.2 | M19: 105.7 | N19: 109 | O19: 111.6 | P19: 112.2 | Q19: 109.5 | R19: 109.5 | S19: 108.1 | T19: 109.3 | U19: 106.6 | V19: 108.3 | W19: 107.6 | X19: 106.4 | Y19: 105.1 | Z19: 105.4 | AA19: 107.4 | AB19: 102.8 | AC19: 105.8 | AD19: 109.3
A20: Rural | B20: 2013 | C20: July | D20: 113.4 | E20: 114.9 | F20: 110.5 | G20: 109.3 | H20: 106.2 | I20: 110.3 | J20: 129.2 | K20: 107.1 | L20: 104.3 | M20: 106.4 | N20: 109.1 | O20: 112.1 | P20: 113.1 | Q20: 109.8 | R20: 110.5 | S20: 109.5 | T20: 110.3 | U20: NA | V20: 109.5 | W20: 108.3 | X20: 106.9 | Y20: 106.8 | Z20: 106.4 | AA20: 107.8 | AB20: 102.5 | AC20: 106.5 | AD20: 110.7
A21: Urban | B21: 2013 | C21: July | D21: 117.8 | E21: 119.2 | F21: 114 | G21: 108.3 | H21: 101.1 | I21: 113.2 | J21: 160.9 | K21: 105.1 | L21: 101.3 | M21: 107.5 | N21: 110.4 | O21: 113.1 | P21: 117.5 | Q21: 111.7 | R21: 109.8 | S21: 107.8 | T21: 109.5 | U21: 107.7 | V21: 108.6 | W21: 108.1 | X21: 107.1 | Y21: 107.3 | Z21: 105.9 | AA21: 110.1 | AB21: 103.2 | AC21: 107.3 | AD21: 111.4
A22: Rural+Urban | B22: 2013 | C22: July | D22: 114.8 | E22: 116.4 | F22: 111.9 | G22: 108.9 | H22: 104.3 | I22: 111.7 | J22: 140 | K22: 106.4 | L22: 103.3 | M22: 106.8 | N22: 109.6 | O22: 112.6 | P22: 114.7 | Q22: 110.3 | R22: 110.2 | S22: 108.8 | T22: 110 | U22: 107.7 | V22: 109.2 | W22: 108.2 | X22: 107 | Y22: 107.1 | Z22: 106.1 | AA22: 109.1 | AB22: 102.8 | AC22: 106.9 | AD22: 111
A23: Rural | B23: 2013 | C23: August | D23: 114.3 | E23: 115.4 | F23: 111.1 | G23: 110 | H23: 106.4 | I23: 110.8 | J23: 138.9 | K23: 107.4 | L23: 104.1 | M23: 106.9 | N23: 109.7 | O23: 112.6 | P23: 114.9 | Q23: 110.7 | R23: 111.3 | S23: 110.2 | T23: 111.1 | U23: NA | V23: 109.9 | W23: 108.7 | X23: 107.5 | Y23: 107.8 | Z23: 106.8 | AA23: 108.7 | AB23: 105 | AC23: 107.5 | AD23: 112.1
A24: Urban | B24: 2013 | C24: August | D24: 118.3 | E24: 120.4 | F24: 112.7 | G24: 108.9 | H24: 101.1 | I24: 108.7 | J24: 177 | K24: 104.7 | L24: 101 | M24: 108.5 | N24: 110.9 | O24: 114.3 | P24: 119.6 | Q24: 112.4 | R24: 110.6 | S24: 108.3 | T24: 110.2 | U24: 108.9 | V24: 109.3 | W24: 108.7 | X24: 107.6 | Y24: 108.1 | Z24: 106.5 | AA24: 110.8 | AB24: 106 | AC24: 108.3 | AD24: 112.7
A25: Rural+Urban | B25: 2013 | C25: August | D25: 115.6 | E25: 117.2 | F25: 111.7 | G25: 109.6 | H25: 104.5 | I25: 109.8 | J25: 151.8 | K25: 106.5 | L25: 103.1 | M25: 107.4 | N25: 110.2 | O25: 113.4 | P25: 116.6 | Q25: 111.2 | R25: 111 | S25: 109.4 | T25: 110.7 | U25: 108.9 | V25: 109.7 | W25: 108.7 | X25: 107.5 | Y25: 108 | Z25: 106.6 | AA25: 109.9 | AB25: 105.4 | AC25: 107.9 | AD25: 112.4
A26: Rural | B26: 2013 | C26: September | D26: 115.4 | E26: 115.7 | F26: 111.7 | G26: 111 | H26: 107.4 | I26: 110.9 | J26: 154 | K26: 108.1 | L26: 104.2 | M26: 107.9 | N26: 110.4 | O26: 114 | P26: 117.8 | Q26: 111.7 | R26: 112.7 | S26: 111.4 | T26: 112.5 | U26: NA | V26: 111.1 | W26: 109.6 | X26: 108.3 | Y26: 109.3 | Z26: 107.7 | AA26: 109.8 | AB26: 106.7 | AC26: 108.7 | AD26: 114.2
A27: Urban | B27: 2013 | C27: September | D27: 118.6 | E27: 119.1 | F27: 113.2 | G27: 109.6 | H27: 101.7 | I27: 103.2 | J27: 174.3 | K27: 105.1 | L27: 100.8 | M27: 109.1 | N27: 111.1 | O27: 115.4 | P27: 119.2 | Q27: 112.9 | R27: 111.4 | S27: 109 | T27: 111.1 | U27: 109.7 | V27: 109.5 | W27: 109.6 | X27: 107.9 | Y27: 110.4 | Z27: 107.4 | AA27: 111.2 | AB27: 106.9 | AC27: 109.4 | AD27: 113.2
A28: Rural+Urban | B28: 2013 | C28: September | D28: 116.4 | E28: 116.9 | F28: 112.3 | G28: 110.5 | H28: 105.3 | I28: 107.3 | J28: 160.9 | K28: 107.1 | L28: 103.1 | M28: 108.3 | N28: 110.7 | O28: 114.6 | P28: 118.3 | Q28: 112 | R28: 112.2 | S28: 110.4 | T28: 111.9 | U28: 109.7 | V28: 110.5 | W28: 109.6 | X28: 108.1 | Y28: 109.9 | Z28: 107.5 | AA28: 110.6 | AB28: 106.8 | AC28: 109 | AD28: 113.7
A29: Rural | B29: 2013 | C29: October | D29: 116.3 | E29: 115.4 | F29: 112.6 | G29: 111.7 | H29: 107.7 | I29: 113.2 | J29: 164.9 | K29: 108.3 | L29: 103.9 | M29: 108.2 | N29: 111.1 | O29: 114.9 | P29: 119.8 | Q29: 112.2 | R29: 113.6 | S29: 112.3 | T29: 113.4 | U29: NA | V29: 111.6 | W29: 110.4 | X29: 108.9 | Y29: 109.3 | Z29: 108.3 | AA29: 110.2 | AB29: 107.5 | AC29: 109.1 | AD29: 115.5
A30: Urban | B30: 2013 | C30: October | D30: 118.9 | E30: 118.1 | F30: 114.5 | G30: 110.4 | H30: 102.3 | I30: 106.2 | J30: 183.5 | K30: 105.3 | L30: 100.2 | M30: 109.6 | N30: 111.4 | O30: 116 | P30: 120.8 | Q30: 113.5 | R30: 112.5 | S30: 109.7 | T30: 112 | U30: 110.5 | V30: 109.7 | W30: 110.2 | X30: 108.2 | Y30: 109.7 | Z30: 108 | AA30: 111.3 | AB30: 107.3 | AC30: 109.4 | AD30: 114
A31: Rural+Urban | B31: 2013 | C31: October | D31: 117.1 | E31: 116.3 | F31: 113.3 | G31: 111.2 | H31: 105.7 | I31: 109.9 | J31: 171.2 | K31: 107.3 | L31: 102.7 | M31: 108.7 | N31: 111.2 | O31: 115.4 | P31: 120.2 | Q31: 112.5 | R31: 113.2 | S31: 111.2 | T31: 112.8 | U31: 110.5 | V31: 110.9 | W31: 110.3 | X31: 108.6 | Y31: 109.5 | Z31: 108.1 | AA31: 110.8 | AB31: 107.4 | AC31: 109.2 | AD31: 114.8
A32: Rural | B32: 2013 | C32: November | D32: 117.3 | E32: 114.9 | F32: 116.2 | G32: 112.8 | H32: 108.9 | I32: 116.6 | J32: 178.1 | K32: 109.1 | L32: 103.6 | M32: 109 | N32: 111.8 | O32: 116 | P32: 122.5 | Q32: 112.8 | R32: 114.6 | S32: 113.1 | T32: 114.4 | U32: NA | V32: 112.6 | W32: 111.3 | X32: 109.7 | Y32: 109.6 | Z32: 108.7 | AA32: 111 | AB32: 108.2 | AC32: 109.8 | AD32: 117.4
A33: Urban | B33: 2013 | C33: November | D33: 119.8 | E33: 116.3 | F33: 122.6 | G33: 112 | H33: 103.2 | I33: 110 | J33: 192.8 | K33: 106.3 | L33: 99.5 | M33: 110.3 | N33: 111.8 | O33: 117.1 | P33: 122.9 | Q33: 114.1 | R33: 113.5 | S33: 110.3 | T33: 113 | U33: 111.1 | V33: 110 | W33: 110.9 | X33: 108.6 | Y33: 109.5 | Z33: 108.5 | AA33: 111.3 | AB33: 107.9 | AC33: 109.6 | AD33: 115
A34: Rural+Urban | B34: 2013 | C34: November | D34: 118.1 | E34: 115.4 | F34: 118.7 | G34: 112.5 | H34: 106.8 | I34: 113.5 | J34: 183.1 | K34: 108.2 | L34: 102.2 | M34: 109.4 | N34: 111.8 | O34: 116.5 | P34: 122.6 | Q34: 113.1 | R34: 114.2 | S34: 111.9 | T34: 113.8 | U34: 111.1 | V34: 111.6 | W34: 111.1 | X34: 109.3 | Y34: 109.5 | Z34: 108.6 | AA34: 111.2 | AB34: 108.1 | AC34: 109.7 | AD34: 116.3
A35: Rural | B35: 2013 | C35: December | D35: 118.4 | E35: 115.9 | F35: 120.4 | G35: 113.8 | H35: 109.5 | I35: 115.5 | J35: 145.7 | K35: 109.5 | L35: 102.9 | M35: 109.8 | N35: 112.1 | O35: 116.8 | P35: 118.7 | Q35: 113.6 | R35: 115.8 | S35: 114 | T35: 115.5 | U35: NA | V35: 112.8 | W35: 112.1 | X35: 110.1 | Y35: 109.9 | Z35: 109.2 | AA35: 111.6 | AB35: 108.1 | AC35: 110.1 | AD35: 115.5
A36: Urban | B36: 2013 | C36: December | D36: 120.5 | E36: 118.1 | F36: 128.5 | G36: 112.8 | H36: 103.4 | I36: 110.7 | J36: 144.8 | K36: 107.1 | L36: 98.6 | M36: 111.9 | N36: 112.1 | O36: 118.1 | P36: 117.8 | Q36: 115 | R36: 114.2 | S36: 110.9 | T36: 113.7 | U36: 110.7 | V36: 110.4 | W36: 111.3 | X36: 109 | Y36: 109.7 | Z36: 108.9 | AA36: 111.4 | AB36: 107.7 | AC36: 109.8 | AD36: 113.3
A37: Rural+Urban | B37: 2013 | C37: December | D37: 119.1 | E37: 116.7 | F37: 123.5 | G37: 113.4 | H37: 107.3 | I37: 113.3 | J37: 145.4 | K37: 108.7 | L37: 101.5 | M37: 110.5 | N37: 112.1 | O37: 117.4 | P37: 118.4 | Q37: 114 | R37: 115.2 | S37: 112.7 | T37: 114.8 | U37: 110.7 | V37: 111.9 | W37: 111.7 | X37: 109.7 | Y37: 109.8 | Z37: 109 | AA37: 111.5 | AB37: 107.9 | AC37: 110 | AD37: 114.5
A38: Rural | B38: 2014 | C38: January | D38: 118.9 | E38: 117.1 | F38: 120.5 | G38: 114.4 | H38: 109 | I38: 115.5 | J38: 123.9 | K38: 109.6 | L38: 101.8 | M38: 110.2 | N38: 112.4 | O38: 117.3 | P38: 116 | Q38: 114 | R38: 116.5 | S38: 114.5 | T38: 116.2 | U38: NA | V38: 113 | W38: 112.6 | X38: 110.6 | Y38: 110.5 | Z38: 109.6 | AA38: 111.8 | AB38: 108.3 | AC38: 110.6 | AD38: 114.2
A39: Urban | B39: 2014 | C39: January | D39: 121.2 | E39: 122 | F39: 129.9 | G39: 113.6 | H39: 102.9 | I39: 112.1 | J39: 118.9 | K39: 107.5 | L39: 96.9 | M39: 112.7 | N39: 112.1 | O39: 119 | P39: 115.5 | Q39: 115.7 | R39: 114.8 | S39: 111.3 | T39: 114.3 | U39: 111.6 | V39: 111 | W39: 111.9 | X39: 109.7 | Y39: 110.8 | Z39: 109.8 | AA39: 111.5 | AB39: 108 | AC39: 110.5 | AD39: 112.9
A40: Rural+Urban | B40: 2014 | C40: January | D40: 119.6 | E40: 118.8 | F40: 124.1 | G40: 114.1 | H40: 106.8 | I40: 113.9 | J40: 122.2 | K40: 108.9 | L40: 100.2 | M40: 111 | N40: 112.3 | O40: 118.1 | P40: 115.8 | Q40: 114.5 | R40: 115.8 | S40: 113.2 | T40: 115.4 | U40: 111.6 | V40: 112.2 | W40: 112.3 | X40: 110.3 | Y40: 110.7 | Z40: 109.7 | AA40: 111.6 | AB40: 108.2 | AC40: 110.6 | AD40: 113.6
A41: Rural | B41: 2014 | C41: February | D41: 119.4 | E41: 117.7 | F41: 121.2 | G41: 115 | H41: 109 | I41: 116.6 | J41: 116 | K41: 109.8 | L41: 101.1 | M41: 110.4 | N41: 112.9 | O41: 117.8 | P41: 115.3 | Q41: 114.2 | R41: 117.1 | S41: 114.5 | T41: 116.7 | U41: NA | V41: 113.2 | W41: 112.9 | X41: 110.9 | Y41: 110.8 | Z41: 109.9 | AA41: 112 | AB41: 108.7 | AC41: 110.9 | AD41: 114
A42: Urban | B42: 2014 | C42: February | D42: 121.9 | E42: 122 | F42: 124.5 | G42: 115.2 | H42: 102.5 | I42: 114.1 | J42: 111.5 | K42: 108.2 | L42: 95.4 | M42: 113.5 | N42: 112.1 | O42: 119.9 | P42: 115.2 | Q42: 116.2 | R42: 115.3 | S42: 111.7 | T42: 114.7 | U42: 112.5 | V42: 111.1 | W42: 112.6 | X42: 110.4 | Y42: 111.3 | Z42: 110.3 | AA42: 111.6 | AB42: 108.7 | AC42: 111 | AD42: 113.1
A43: Rural+Urban | B43: 2014 | C43: February | D43: 120.2 | E43: 119.2 | F43: 122.5 | G43: 115.1 | H43: 106.6 | I43: 115.4 | J43: 114.5 | K43: 109.3 | L43: 99.2 | M43: 111.4 | N43: 112.6 | O43: 118.8 | P43: 115.3 | Q43: 114.7 | R43: 116.4 | S43: 113.3 | T43: 115.9 | U43: 112.5 | V43: 112.4 | W43: 112.8 | X43: 110.7 | Y43: 111.1 | Z43: 110.1 | AA43: 111.8 | AB43: 108.7 | AC43: 110.9 | AD43: 113.6
A44: Rural | B44: 2014 | C44: March | D44: 120.1 | E44: 118.1 | F44: 120.7 | G44: 116.1 | H44: 109.3 | I44: 119.6 | J44: 117.9 | K44: 110.2 | L44: 101.2 | M44: 110.7 | N44: 113 | O44: 118.3 | P44: 116.2 | Q44: 114.6 | R44: 117.5 | S44: 114.9 | T44: 117.2 | U44: NA | V44: 113.4 | W44: 113.4 | X44: 111.4 | Y44: 111.2 | Z44: 110.2 | AA44: 112.4 | AB44: 108.9 | AC44: 111.3 | AD44: 114.6
A45: Urban | B45: 2014 | C45: March | D45: 122.1 | E45: 121.4 | F45: 121.5 | G45: 116.2 | H45: 102.8 | I45: 117.7 | J45: 113.3 | K45: 108.9 | L45: 96.3 | M45: 114.1 | N45: 112.2 | O45: 120.5 | P45: 116 | Q45: 116.7 | R45: 115.8 | S45: 112.1 | T45: 115.2 | U45: 113.2 | V45: 110.9 | W45: 113 | X45: 110.8 | Y45: 111.6 | Z45: 110.9 | AA45: 111.8 | AB45: 109.2 | AC45: 111.4 | AD45: 113.7
A46: Rural+Urban | B46: 2014 | C46: Marcrh | D46: 120.7 | E46: 119.3 | F46: 121 | G46: 116.1 | H46: 106.9 | I46: 118.7 | J46: 116.3 | K46: 109.8 | L46: 99.6 | M46: 111.8 | N46: 112.7 | O46: 119.3 | P46: 116.1 | Q46: 115.2 | R46: 116.8 | S46: 113.7 | T46: 116.4 | U46: 113.2 | V46: 112.5 | W46: 113.2 | X46: 111.2 | Y46: 111.4 | Z46: 110.6 | AA46: 112 | AB46: 109 | AC46: 111.3 | AD46: 114.2
A47: Rural | B47: 2014 | C47: April | D47: 120.2 | E47: 118.9 | F47: 118.1 | G47: 117 | H47: 109.7 | I47: 125.5 | J47: 120.5 | K47: 111 | L47: 102.6 | M47: 111.2 | N47: 113.5 | O47: 118.7 | P47: 117.2 | Q47: 115.4 | R47: 118.1 | S47: 116.1 | T47: 117.8 | U47: NA | V47: 113.4 | W47: 113.7 | X47: 111.8 | Y47: 111.2 | Z47: 110.5 | AA47: 113 | AB47: 108.9 | AC47: 111.5 | AD47: 115.4
A48: Urban | B48: 2014 | C48: April | D48: 122.5 | E48: 121.7 | F48: 113.3 | G48: 117 | H48: 103.1 | I48: 126.7 | J48: 121.2 | K48: 111 | L48: 100.3 | M48: 115.3 | N48: 112.7 | O48: 121 | P48: 118.2 | Q48: 117.6 | R48: 116.3 | S48: 112.5 | T48: 115.7 | U48: 113.9 | V48: 110.9 | W48: 113.4 | X48: 111 | Y48: 111.2 | Z48: 111.2 | AA48: 112.5 | AB48: 109.1 | AC48: 111.4 | AD48: 114.7
A49: Rural+Urban | B49: 2014 | C49: April | D49: 120.9 | E49: 119.9 | F49: 116.2 | G49: 117 | H49: 107.3 | I49: 126.1 | J49: 120.7 | K49: 111 | L49: 101.8 | M49: 112.6 | N49: 113.2 | O49: 119.8 | P49: 117.6 | Q49: 116 | R49: 117.4 | S49: 114.6 | T49: 117 | U49: 113.9 | V49: 112.5 | W49: 113.6 | X49: 111.5 | Y49: 111.2 | Z49: 110.9 | AA49: 112.7 | AB49: 109 | AC49: 111.5 | AD49: 115.1
A50: Rural | B50: 2014 | C50: May | D50: 120.3 | E50: 120.2 | F50: 116.9 | G50: 118 | H50: 110.1 | I50: 126.3 | J50: 123.9 | K50: 111.5 | L50: 103.5 | M50: 111.6 | N50: 114.2 | O50: 119.2 | P50: 118.2 | Q50: 116.3 | R50: 118.7 | S50: 116.8 | T50: 118.5 | U50: NA | V50: 113.4 | W50: 114.1 | X50: 112.1 | Y50: 111.4 | Z50: 110.9 | AA50: 113.1 | AB50: 108.9 | AC50: 111.8 | AD50: 116
A51: Urban | B51: 2014 | C51: May | D51: 122.7 | E51: 124.1 | F51: 114.2 | G51: 119.1 | H51: 103.5 | I51: 129.2 | J51: 127 | K51: 112.6 | L51: 101.3 | M51: 117 | N51: 112.9 | O51: 121.7 | P51: 120 | Q51: 118.3 | R51: 116.8 | S51: 112.9 | T51: 116.2 | U51: 114.3 | V51: 111.1 | W51: 114.1 | X51: 111.2 | Y51: 111.3 | Z51: 111.5 | AA51: 112.9 | AB51: 109.3 | AC51: 111.7 | AD51: 115.6
A52: Rural+Urban | B52: 2014 | C52: May | D52: 121.1 | E52: 121.6 | F52: 115.9 | G52: 118.4 | H52: 107.7 | I52: 127.7 | J52: 125 | K52: 111.9 | L52: 102.8 | M52: 113.4 | N52: 113.7 | O52: 120.4 | P52: 118.9 | Q52: 116.8 | R52: 118 | S52: 115.2 | T52: 117.6 | U52: 114.3 | V52: 112.5 | W52: 114.1 | X52: 111.8 | Y52: 111.3 | Z52: 111.2 | AA52: 113 | AB52: 109.1 | AC52: 111.8 | AD52: 115.8
A53: Rural | B53: 2014 | C53: June | D53: 120.7 | E53: 121.6 | F53: 116.1 | G53: 119.3 | H53: 110.3 | I53: 125.8 | J53: 129.3 | K53: 112.2 | L53: 103.6 | M53: 112.3 | N53: 114.9 | O53: 120.1 | P53: 119.5 | Q53: 117.3 | R53: 119.7 | S53: 117.3 | T53: 119.3 | U53: NA | V53: 114.4 | W53: 114.9 | X53: 112.8 | Y53: 112.2 | Z53: 111.4 | AA53: 114.3 | AB53: 108 | AC53: 112.3 | AD53: 117
A54: Urban | B54: 2014 | C54: June | D54: 123.1 | E54: 125.9 | F54: 115.4 | G54: 120.4 | H54: 103.4 | I54: 131.2 | J54: 137.5 | K54: 112.8 | L54: 101.4 | M54: 118.3 | N54: 113.2 | O54: 122.4 | P54: 122 | Q54: 119 | R54: 117.4 | S54: 113.2 | T54: 116.7 | U54: 113.9 | V54: 111.2 | W54: 114.3 | X54: 111.4 | Y54: 111.5 | Z54: 111.8 | AA54: 115.1 | AB54: 108.7 | AC54: 112.2 | AD54: 116.4
A55: Rural+Urban | B55: 2014 | C55: June | D55: 121.5 | E55: 123.1 | F55: 115.8 | G55: 119.7 | H55: 107.8 | I55: 128.3 | J55: 132.1 | K55: 112.4 | L55: 102.9 | M55: 114.3 | N55: 114.2 | O55: 121.2 | P55: 120.4 | Q55: 117.8 | R55: 118.8 | S55: 115.6 | T55: 118.3 | U55: 113.9 | V55: 113.2 | W55: 114.6 | X55: 112.3 | Y55: 111.8 | Z55: 111.6 | AA55: 114.8 | AB55: 108.3 | AC55: 112.3 | AD55: 116.7
A56: Rural | B56: 2014 | C56: July | D56: 121.7 | E56: 122.5 | F56: 117.7 | G56: 120.6 | H56: 110.4 | I56: 129.1 | J56: 150.1 | K56: 113.2 | L56: 104.8 | M56: 113.3 | N56: 115.6 | O56: 120.9 | P56: 123.3 | Q56: 118 | R56: 120.7 | S56: 118.3 | T56: 120.3 | U56: NA | V56: 115.3 | W56: 115.4 | X56: 113.4 | Y56: 113.2 | Z56: 111.8 | AA56: 115.5 | AB56: 108.8 | AC56: 113.1 | AD56: 119.5
A57: Urban | B57: 2014 | C57: July | D57: 123.8 | E57: 126.4 | F57: 118 | G57: 121.6 | H57: 103.5 | I57: 133.7 | J57: 172.4 | K57: 113.1 | L57: 102.7 | M57: 120 | N57: 113.8 | O57: 123.4 | P57: 127.1 | Q57: 121 | R57: 118 | S57: 113.6 | T57: 117.4 | U57: 114.8 | V57: 111.6 | W57: 114.9 | X57: 111.5 | Y57: 113 | Z57: 112.4 | AA57: 117.8 | AB57: 109.7 | AC57: 113.5 | AD57: 118.9
A58: Rural+Urban | B58: 2014 | C58: July | D58: 122.4 | E58: 123.9 | F58: 117.8 | G58: 121 | H58: 107.9 | I58: 131.2 | J58: 157.7 | K58: 113.2 | L58: 104.1 | M58: 115.5 | N58: 114.8 | O58: 122.1 | P58: 124.7 | Q58: 118.8 | R58: 119.6 | S58: 116.3 | T58: 119.1 | U58: 114.8 | V58: 113.9 | W58: 115.2 | X58: 112.7 | Y58: 113.1 | Z58: 112.1 | AA58: 116.8 | AB58: 109.2 | AC58: 113.3 | AD58: 119.2
A59: Rural | B59: 2014 | C59: August | D59: 121.8 | E59: 122.8 | F59: 117.8 | G59: 121.9 | H59: 110.6 | I59: 129.7 | J59: 161.1 | K59: 114.1 | L59: 105.1 | M59: 114.6 | N59: 115.8 | O59: 121.7 | P59: 125.3 | Q59: 118.8 | R59: 120.9 | S59: 118.8 | T59: 120.7 | U59: NA | V59: 115.4 | W59: 115.9 | X59: 114 | Y59: 113.2 | Z59: 112.2 | AA59: 116.2 | AB59: 109.4 | AC59: 113.5 | AD59: 120.7
A60: Urban | B60: 2014 | C60: August | D60: 124.8 | E60: 127.3 | F60: 116.5 | G60: 122.2 | H60: 103.6 | I60: 132.7 | J60: 181.9 | K60: 115.2 | L60: 102.7 | M60: 122.1 | N60: 114.4 | O60: 124.7 | P60: 128.9 | Q60: 123 | R60: 118.6 | S60: 114.1 | T60: 117.9 | U60: 115.5 | V60: 111.8 | W60: 115.3 | X60: 112.2 | Y60: 112.5 | Z60: 112.9 | AA60: 119.2 | AB60: 110.5 | AC60: 113.9 | AD60: 119.9
A61: Rural+Urban | B61: 2014 | C61: August | D61: 122.7 | E61: 124.4 | F61: 117.3 | G61: 122 | H61: 108 | I61: 131.1 | J61: 168.2 | K61: 114.5 | L61: 104.3 | M61: 117.1 | N61: 115.2 | O61: 123.1 | P61: 126.6 | Q61: 119.9 | R61: 120 | S61: 116.8 | T61: 119.6 | U61: 115.5 | V61: 114 | W61: 115.6 | X61: 113.3 | Y61: 112.8 | Z61: 112.6 | AA61: 118 | AB61: 109.9 | AC61: 113.7 | AD61: 120.3
A62: Rural | B62: 2014 | C62: September | D62: 122.3 | E62: 122.4 | F62: 117.8 | G62: 122.7 | H62: 110.4 | I62: 129.8 | J62: 158.8 | K62: 115 | L62: 104.7 | M62: 114.9 | N62: 116.5 | O62: 122.6 | P62: 125.3 | Q62: 119.5 | R62: 121.7 | S62: 119.2 | T62: 121.3 | U62: NA | V62: 115.8 | W62: 116.7 | X62: 114.5 | Y62: 112.8 | Z62: 112.6 | AA62: 116.6 | AB62: 109.1 | AC62: 113.7 | AD62: 120.9
A63: Urban | B63: 2014 | C63: September | D63: 124.2 | E63: 125.4 | F63: 116.4 | G63: 122.7 | H63: 103.5 | I63: 124.5 | J63: 168.6 | K63: 116.9 | L63: 101.9 | M63: 122.9 | N63: 114.8 | O63: 125.2 | P63: 126.7 | Q63: 124.3 | R63: 119.2 | S63: 114.5 | T63: 118.4 | U63: 116.1 | V63: 111.8 | W63: 115.5 | X63: 112.3 | Y63: 111.2 | Z63: 113.4 | AA63: 120 | AB63: 110 | AC63: 113.6 | AD63: 119.2
A64: Rural+Urban | B64: 2014 | C64: September | D64: 122.9 | E64: 123.5 | F64: 117.3 | G64: 122.7 | H64: 107.9 | I64: 127.3 | J64: 162.1 | K64: 115.6 | L64: 103.8 | M64: 117.6 | N64: 115.8 | O64: 123.8 | P64: 125.8 | Q64: 120.8 | R64: 120.7 | S64: 117.2 | T64: 120.1 | U64: 116.1 | V64: 114.3 | W64: 116.1 | X64: 113.7 | Y64: 112 | Z64: 113.1 | AA64: 118.6 | AB64: 109.5 | AC64: 113.7 | AD64: 120.1
A65: Rural | B65: 2014 | C65: October | D65: 122.6 | E65: 122.5 | F65: 118.3 | G65: 123.2 | H65: 110.5 | I65: 128.9 | J65: 155.3 | K65: 115.5 | L65: 104 | M65: 115.3 | N65: 116.8 | O65: 123.2 | P65: 125.1 | Q65: 120 | R65: 122.7 | S65: 120.3 | T65: 122.3 | U65: NA | V65: 116.4 | W65: 117.5 | X65: 115.3 | Y65: 112.6 | Z65: 113 | AA65: 116.9 | AB65: 109.3 | AC65: 114 | AD65: 121
A66: Urban | B66: 2014 | C66: October | D66: 124.6 | E66: 126.1 | F66: 117.8 | G66: 123.1 | H66: 103.5 | I66: 123.5 | J66: 159.6 | K66: 117.4 | L66: 101.2 | M66: 123.8 | N66: 115.2 | O66: 125.9 | P66: 125.8 | Q66: 124.3 | R66: 119.6 | S66: 114.9 | T66: 118.9 | U66: 116.7 | V66: 112 | W66: 115.8 | X66: 112.6 | Y66: 111 | Z66: 113.6 | AA66: 120.2 | AB66: 110.1 | AC66: 113.7 | AD66: 119.1
A67: Rural+Urban | B67: 2014 | C67: October | D67: 123.2 | E67: 123.8 | F67: 118.1 | G67: 123.2 | H67: 107.9 | I67: 126.4 | J67: 156.8 | K67: 116.1 | L67: 103.1 | M67: 118.1 | N67: 116.1 | O67: 124.5 | P67: 125.4 | Q67: 121.1 | R67: 121.5 | S67: 118.1 | T67: 121 | U67: 116.7 | V67: 114.7 | W67: 116.7 | X67: 114.3 | Y67: 111.8 | Z67: 113.3 | AA67: 118.8 | AB67: 109.6 | AC67: 113.9 | AD67: 120.1
A68: Rural | B68: 2014 | C68: November | D68: 122.7 | E68: 122.6 | F68: 119.9 | G68: 124 | H68: 110.5 | I68: 128.8 | J68: 152 | K68: 116.2 | L68: 103.3 | M68: 115.8 | N68: 116.8 | O68: 124.5 | P68: 124.9 | Q68: 120.8 | R68: 123.3 | S68: 120.5 | T68: 122.9 | U68: NA | V68: 117.3 | W68: 118.1 | X68: 115.9 | Y68: 112 | Z68: 113.3 | AA68: 117.2 | AB68: 108.8 | AC68: 114.1 | AD68: 121.1
A69: Urban | B69: 2014 | C69: November | D69: 124.5 | E69: 125.6 | F69: 122.7 | G69: 124.6 | H69: 103.2 | I69: 122.2 | J69: 153.2 | K69: 119.3 | L69: 99.8 | M69: 124.6 | N69: 115.8 | O69: 126.9 | P69: 125.4 | Q69: 125.8 | R69: 120.3 | S69: 115.4 | T69: 119.5 | U69: 117.1 | V69: 112.6 | W69: 116.4 | X69: 113 | Y69: 109.7 | Z69: 114 | AA69: 120.3 | AB69: 109.6 | AC69: 113.4 | AD69: 119
A70: Rural+Urban | B70: 2014 | C70: November | D70: 123.3 | E70: 123.7 | F70: 121 | G70: 124.2 | H70: 107.8 | I70: 125.7 | J70: 152.4 | K70: 117.2 | L70: 102.1 | M70: 118.7 | N70: 116.4 | O70: 125.6 | P70: 125.1 | Q70: 122.1 | R70: 122.1 | S70: 118.4 | T70: 121.6 | U70: 117.1 | V70: 115.5 | W70: 117.3 | X70: 114.8 | Y70: 110.8 | Z70: 113.7 | AA70: 119 | AB70: 109.1 | AC70: 113.8 | AD70: 120.1
A71: Rural | B71: 2014 | C71: December | D71: 122.4 | E71: 122.4 | F71: 121.8 | G71: 124.2 | H71: 110.2 | I71: 128.6 | J71: 140.3 | K71: 116.3 | L71: 102 | M71: 116 | N71: 117.3 | O71: 124.8 | P71: 123.3 | Q71: 121.7 | R71: 123.8 | S71: 120.6 | T71: 123.3 | U71: NA | V71: 117.4 | W71: 118.2 | X71: 116.2 | Y71: 111.5 | Z71: 113.3 | AA71: 117.7 | AB71: 109.4 | AC71: 114.2 | AD71: 120.3
A72: Urban | B72: 2014 | C72: December | D72: 124 | E72: 124.7 | F72: 126.3 | G72: 124.9 | H72: 103 | I72: 122.3 | J72: 141 | K72: 120.1 | L72: 97.8 | M72: 125.4 | N72: 116.1 | O72: 127.6 | P72: 124 | Q72: 126.4 | R72: 120.7 | S72: 115.8 | T72: 120 | U72: 116.5 | V72: 113 | W72: 116.8 | X72: 113.2 | Y72: 108.8 | Z72: 114.3 | AA72: 120.7 | AB72: 110.4 | AC72: 113.4 | AD72: 118.4
A73: Rural+Urban | B73: 2014 | C73: December | D73: 122.9 | E73: 123.2 | F73: 123.5 | G73: 124.5 | H73: 107.6 | I73: 125.7 | J73: 140.5 | K73: 117.6 | L73: 100.6 | M73: 119.1 | N73: 116.8 | O73: 126.1 | P73: 123.6 | Q73: 123 | R73: 122.6 | S73: 118.6 | T73: 122 | U73: 116.5 | V73: 115.7 | W73: 117.5 | X73: 115.1 | Y73: 110.1 | Z73: 113.9 | AA73: 119.5 | AB73: 109.8 | AC73: 113.8 | AD73: 119.4
A74: Rural | B74: 2015 | C74: January | D74: 123.1 | E74: 123.1 | F74: 122.1 | G74: 124.9 | H74: 111 | I74: 130.4 | J74: 132.3 | K74: 117.2 | L74: 100.5 | M74: 117.2 | N74: 117.9 | O74: 125.6 | P74: 122.8 | Q74: 122.7 | R74: 124.4 | S74: 121.6 | T74: 124 | U74: NA | V74: 118.4 | W74: 118.9 | X74: 116.6 | Y74: 111 | Z74: 114 | AA74: 118.2 | AB74: 110.2 | AC74: 114.5 | AD74: 120.3
A75: Urban | B75: 2015 | C75: January | D75: 124 | E75: 125.5 | F75: 126.6 | G75: 125.2 | H75: 104.3 | I75: 121.3 | J75: 134.4 | K75: 122.9 | L75: 96.1 | M75: 126.6 | N75: 116.5 | O75: 128 | P75: 123.5 | Q75: 127.4 | R75: 121 | S75: 116.1 | T75: 120.2 | U75: 117.3 | V75: 113.4 | W75: 117.2 | X75: 113.7 | Y75: 107.9 | Z75: 114.6 | AA75: 120.8 | AB75: 111.4 | AC75: 113.4 | AD75: 118.5
A76: Rural+Urban | B76: 2015 | C76: January | D76: 123.4 | E76: 123.9 | F76: 123.8 | G76: 125 | H76: 108.5 | I76: 126.2 | J76: 133 | K76: 119.1 | L76: 99 | M76: 120.3 | N76: 117.3 | O76: 126.7 | P76: 123.1 | Q76: 124 | R76: 123.1 | S76: 119.3 | T76: 122.5 | U76: 117.3 | V76: 116.5 | W76: 118.1 | X76: 115.5 | Y76: 109.4 | Z76: 114.3 | AA76: 119.7 | AB76: 110.7 | AC76: 114 | AD76: 119.5
A77: Rural | B77: 2015 | C77: February | D77: 123.4 | E77: 124.4 | F77: 122.1 | G77: 125.8 | H77: 111.5 | I77: 129.4 | J77: 128.2 | K77: 118.8 | L77: 100 | M77: 118.6 | N77: 118.8 | O77: 126.8 | P77: 122.8 | Q77: 124.2 | R77: 125.4 | S77: 122.7 | T77: 125 | U77: NA | V77: 120 | W77: 119.6 | X77: 117.7 | Y77: 110.9 | Z77: 114.8 | AA77: 118.7 | AB77: 110.8 | AC77: 115 | AD77: 120.6
A78: Urban | B78: 2015 | C78: February | D78: 124.3 | E78: 126.5 | F78: 119.5 | G78: 125.6 | H78: 104.9 | I78: 121.6 | J78: 131.8 | K78: 125.1 | L78: 95 | M78: 127.7 | N78: 116.8 | O78: 128.6 | P78: 123.7 | Q78: 128.1 | R78: 121.3 | S78: 116.5 | T78: 120.6 | U78: 118.1 | V78: 114 | W78: 117.7 | X78: 114.1 | Y78: 106.8 | Z78: 114.9 | AA78: 120.4 | AB78: 111.7 | AC78: 113.2 | AD78: 118.7
A79: Rural+Urban | B79: 2015 | C79: February | D79: 123.7 | E79: 125.1 | F79: 121.1 | G79: 125.7 | H79: 109.1 | I79: 125.8 | J79: 129.4 | K79: 120.9 | L79: 98.3 | M79: 121.6 | N79: 118 | O79: 127.6 | P79: 123.1 | Q79: 125.2 | R79: 123.8 | S79: 120.1 | T79: 123.3 | U79: 118.1 | V79: 117.7 | W79: 118.7 | X79: 116.3 | Y79: 108.7 | Z79: 114.9 | AA79: 119.7 | AB79: 111.2 | AC79: 114.1 | AD79: 119.7
A80: Rural | B80: 2015 | C80: March | D80: 123.3 | E80: 124.7 | F80: 118.9 | G80: 126 | H80: 111.8 | I80: 130.9 | J80: 128 | K80: 119.9 | L80: 98.9 | M80: 119.4 | N80: 118.9 | O80: 127.7 | P80: 123.1 | Q80: 124.7 | R80: 126 | S80: 122.9 | T80: 125.5 | U80: NA | V80: 120.6 | W80: 120.2 | X80: 118.2 | Y80: 111.6 | Z80: 115.5 | AA80: 119.4 | AB80: 110.8 | AC80: 115.5 | AD80: 121.1
A81: Urban | B81: 2015 | C81: March | D81: 124 | E81: 126.7 | F81: 113.5 | G81: 125.9 | H81: 104.8 | I81: 123.8 | J81: 131.4 | K81: 127.2 | L81: 93.2 | M81: 127.4 | N81: 117 | O81: 129.2 | P81: 123.9 | Q81: 128.8 | R81: 121.7 | S81: 116.9 | T81: 120.9 | U81: 118.6 | V81: 114.4 | W81: 118 | X81: 114.3 | Y81: 108.4 | Z81: 115.4 | AA81: 120.6 | AB81: 111.3 | AC81: 113.8 | AD81: 119.1
A82: Rural+Urban | B82: 2015 | C82: March | D82: 123.5 | E82: 125.4 | F82: 116.8 | G82: 126 | H82: 109.2 | I82: 127.6 | J82: 129.2 | K82: 122.4 | L82: 97 | M82: 122.1 | N82: 118.1 | O82: 128.4 | P82: 123.4 | Q82: 125.8 | R82: 124.3 | S82: 120.4 | T82: 123.7 | U82: 118.6 | V82: 118.3 | W82: 119.2 | X82: 116.7 | Y82: 109.9 | Z82: 115.4 | AA82: 120.1 | AB82: 111 | AC82: 114.7 | AD82: 120.2
A83: Rural | B83: 2015 | C83: April | D83: 123.3 | E83: 125.5 | F83: 117.2 | G83: 126.8 | H83: 111.9 | I83: 134.2 | J83: 127.5 | K83: 121.5 | L83: 97.8 | M83: 119.8 | N83: 119.4 | O83: 128.7 | P83: 123.6 | Q83: 125.7 | R83: 126.4 | S83: 123.3 | T83: 126 | U83: NA | V83: 121.2 | W83: 120.9 | X83: 118.6 | Y83: 111.9 | Z83: 116.2 | AA83: 119.9 | AB83: 111.6 | AC83: 116 | AD83: 121.5
A84: Urban | B84: 2015 | C84: April | D84: 123.8 | E84: 128.2 | F84: 110 | G84: 126.3 | H84: 104.5 | I84: 130.6 | J84: 130.8 | K84: 131.3 | L84: 91.6 | M84: 127.7 | N84: 117.2 | O84: 129.5 | P84: 124.6 | Q84: 130.1 | R84: 122.1 | S84: 117.2 | T84: 121.3 | U84: 119.2 | V84: 114.7 | W84: 118.4 | X84: 114.6 | Y84: 108.4 | Z84: 115.6 | AA84: 121.7 | AB84: 111.8 | AC84: 114.2 | AD84: 119.7
A85: Rural+Urban | B85: 2015 | C85: April | D85: 123.5 | E85: 126.4 | F85: 114.4 | G85: 126.6 | H85: 109.2 | I85: 132.5 | J85: 128.6 | K85: 124.8 | L85: 95.7 | M85: 122.4 | N85: 118.5 | O85: 129.1 | P85: 124 | Q85: 126.9 | R85: 124.7 | S85: 120.8 | T85: 124.1 | U85: 119.2 | V85: 118.7 | W85: 119.7 | X85: 117.1 | Y85: 110.1 | Z85: 115.9 | AA85: 121 | AB85: 111.7 | AC85: 115.1 | AD85: 120.7
A86: Rural | B86: 2015 | C86: May | D86: 123.5 | E86: 127.1 | F86: 117.3 | G86: 127.7 | H86: 112.5 | I86: 134.1 | J86: 128.5 | K86: 124.3 | L86: 97.6 | M86: 120.7 | N86: 120.2 | O86: 129.8 | P86: 124.4 | Q86: 126.7 | R86: 127.3 | S86: 124.1 | T86: 126.8 | U86: NA | V86: 121.9 | W86: 121.5 | X86: 119.4 | Y86: 113.3 | Z86: 116.7 | AA86: 120.5 | AB86: 112.3 | AC86: 116.9 | AD86: 122.4
A87: Urban | B87: 2015 | C87: May | D87: 123.8 | E87: 129.7 | F87: 111.3 | G87: 126.6 | H87: 105.2 | I87: 130.8 | J87: 135.6 | K87: 142.6 | L87: 90.8 | M87: 128.8 | N87: 117.7 | O87: 129.9 | P87: 126.1 | Q87: 131.3 | R87: 122.4 | S87: 117.4 | T87: 121.6 | U87: 119.6 | V87: 114.9 | W87: 118.7 | X87: 114.9 | Y87: 110.8 | Z87: 116 | AA87: 122 | AB87: 112.4 | AC87: 115.2 | AD87: 120.7
A88: Rural+Urban | B88: 2015 | C88: May | D88: 123.6 | E88: 128 | F88: 115 | G88: 127.3 | H88: 109.8 | I88: 132.6 | J88: 130.9 | K88: 130.5 | L88: 95.3 | M88: 123.4 | N88: 119.2 | O88: 129.8 | P88: 125 | Q88: 127.9 | R88: 125.4 | S88: 121.3 | T88: 124.7 | U88: 119.6 | V88: 119.2 | W88: 120.2 | X88: 117.7 | Y88: 112 | Z88: 116.3 | AA88: 121.4 | AB88: 112.3 | AC88: 116.1 | AD88: 121.6
A89: Rural | B89: 2015 | C89: June | D89: 124.1 | E89: 130.4 | F89: 122.1 | G89: 128.7 | H89: 114.1 | I89: 133.2 | J89: 135.2 | K89: 131.9 | L89: 96.3 | M89: 123 | N89: 121.1 | O89: 131.2 | P89: 126.6 | Q89: 128.2 | R89: 128.4 | S89: 125.1 | T89: 128 | U89: NA | V89: 122.6 | W89: 122.8 | X89: 120.4 | Y89: 114.2 | Z89: 117.9 | AA89: 122 | AB89: 113 | AC89: 117.9 | AD89: 124.1
A90: Urban | B90: 2015 | C90: June | D90: 123.6 | E90: 134.4 | F90: 120.9 | G90: 127.3 | H90: 106 | I90: 132.3 | J90: 146.7 | K90: 148.1 | L90: 89.8 | M90: 130.5 | N90: 118 | O90: 130.5 | P90: 128.5 | Q90: 132.1 | R90: 123.2 | S90: 117.6 | T90: 122.3 | U90: 119 | V90: 115.1 | W90: 119.2 | X90: 115.4 | Y90: 111.7 | Z90: 116.2 | AA90: 123.8 | AB90: 112.5 | AC90: 116 | AD90: 121.7
A91: Rural+Urban | B91: 2015 | C91: June | D91: 123.9 | E91: 131.8 | F91: 121.6 | G91: 128.2 | H91: 111.1 | I91: 132.8 | J91: 139.1 | K91: 137.4 | L91: 94.1 | M91: 125.5 | N91: 119.8 | O91: 130.9 | P91: 127.3 | Q91: 129.2 | R91: 126.4 | S91: 122 | T91: 125.7 | U91: 119 | V91: 119.8 | W91: 121.1 | X91: 118.5 | Y91: 112.9 | Z91: 116.9 | AA91: 123.1 | AB91: 112.8 | AC91: 117 | AD91: 123
A92: Rural | B92: 2015 | C92: July | D92: 124 | E92: 131.5 | F92: 122 | G92: 128.7 | H92: 113.5 | I92: 133.3 | J92: 140.8 | K92: 133.8 | L92: 94.1 | M92: 123.4 | N92: 121 | O92: 131.7 | P92: 127.5 | Q92: 129.4 | R92: 128.8 | S92: 125.5 | T92: 128.3 | U92: NA | V92: 123 | W92: 123 | X92: 120.8 | Y92: 114.1 | Z92: 118 | AA92: 122.9 | AB92: 112.7 | AC92: 118.1 | AD92: 124.7
A93: Urban | B93: 2015 | C93: July | D93: 123.2 | E93: 134.3 | F93: 119.5 | G93: 127.7 | H93: 106.3 | I93: 132.8 | J93: 153.5 | K93: 149.5 | L93: 85.7 | M93: 131.5 | N93: 118.3 | O93: 131.1 | P93: 129.5 | Q93: 133.1 | R93: 123.5 | S93: 117.9 | T93: 122.7 | U93: 119.9 | V93: 115.3 | W93: 119.5 | X93: 116 | Y93: 111.5 | Z93: 116.6 | AA93: 125.4 | AB93: 111.7 | AC93: 116.3 | AD93: 122.4
A94: Rural+Urban | B94: 2015 | C94: July | D94: 123.7 | E94: 132.5 | F94: 121 | G94: 128.3 | H94: 110.9 | I94: 133.1 | J94: 145.1 | K94: 139.1 | L94: 91.3 | M94: 126.1 | N94: 119.9 | O94: 131.4 | P94: 128.2 | Q94: 130.4 | R94: 126.7 | S94: 122.3 | T94: 126.1 | U94: 119.9 | V94: 120.1 | W94: 121.3 | X94: 119 | Y94: 112.7 | Z94: 117.2 | AA94: 124.4 | AB94: 112.3 | AC94: 117.2 | AD94: 123.6
A95: Rural | B95: 2015 | C95: August | D95: 124.7 | E95: 131.3 | F95: 121.3 | G95: 128.8 | H95: 114 | I95: 134.2 | J95: 153.6 | K95: 137.9 | L95: 93.1 | M95: 123.9 | N95: 121.5 | O95: 132.5 | P95: 129.8 | Q95: 130.1 | R95: 129.5 | S95: 126.3 | T95: 129 | U95: NA | V95: 123.8 | W95: 123.7 | X95: 121.1 | Y95: 113.6 | Z95: 118.5 | AA95: 123.6 | AB95: 112.5 | AC95: 118.2 | AD95: 126.1
A96: Urban | B96: 2015 | C96: August | D96: 123.1 | E96: 131.7 | F96: 118.1 | G96: 128 | H96: 106.8 | I96: 130.1 | J96: 165.5 | K96: 156 | L96: 85.3 | M96: 132.7 | N96: 118.8 | O96: 131.7 | P96: 131.1 | Q96: 134.2 | R96: 123.7 | S96: 118.2 | T96: 122.9 | U96: 120.9 | V96: 115.3 | W96: 120 | X96: 116.6 | Y96: 109.9 | Z96: 117.2 | AA96: 126.2 | AB96: 112 | AC96: 116.2 | AD96: 123.2
A97: Rural+Urban | B97: 2015 | C97: August | D97: 124.2 | E97: 131.4 | F97: 120.1 | G97: 128.5 | H97: 111.4 | I97: 132.3 | J97: 157.6 | K97: 144 | L97: 90.5 | M97: 126.8 | N97: 120.4 | O97: 132.1 | P97: 130.3 | Q97: 131.2 | R97: 127.2 | S97: 122.9 | T97: 126.6 | U97: 120.9 | V97: 120.6 | W97: 122 | X97: 119.4 | Y97: 111.7 | Z97: 117.8 | AA97: 125.1 | AB97: 112.3 | AC97: 117.2 | AD97: 124.8
A98: Rural | B98: 2015 | C98: September | D98: 125.1 | E98: 131.1 | F98: 120.7 | G98: 129.2 | H98: 114.7 | I98: 132.3 | J98: 158.9 | K98: 142.1 | L98: 92.5 | M98: 125.4 | N98: 121.9 | O98: 132.7 | P98: 131 | Q98: 131 | R98: 130.4 | S98: 126.8 | T98: 129.9 | U98: NA | V98: 123.7 | W98: 124.5 | X98: 121.4 | Y98: 113.8 | Z98: 119.6 | AA98: 124.5 | AB98: 113.7 | AC98: 118.8 | AD98: 127
A99: Urban | B99: 2015 | C99: September | D99: 123.4 | E99: 129 | F99: 115.6 | G99: 128.3 | H99: 107 | I99: 124 | J99: 168.5 | K99: 165.4 | L99: 86.3 | M99: 134.4 | N99: 119.1 | O99: 132.3 | P99: 131.5 | Q99: 134.7 | R99: 124 | S99: 118.6 | T99: 123.2 | U99: 121.6 | V99: 115.1 | W99: 120.4 | X99: 117.1 | Y99: 109.1 | Z99: 117.3 | AA99: 126.5 | AB99: 112.9 | AC99: 116.2 | AD99: 123.5
A100: Rural+Urban | B100: 2015 | C100: September | D100: 124.6 | E100: 130.4 | F100: 118.7 | G100: 128.9 | H100: 111.9 | I100: 128.4 | J100: 162.2 | K100: 150 | L100: 90.4 | M100: 128.4 | N100: 120.7 | O100: 132.5 | P100: 131.2 | Q100: 132 | R100: 127.9 | S100: 123.4 | T100: 127.2 | U100: 121.6 | V100: 120.4 | W100: 122.6 | X100: 119.8 | Y100: 111.3 | Z100: 118.3 | AA100: 125.7 | AB100: 113.4 | AC100: 117.5 | AD100: 125.4
...

Sheet Sheet1
A1: Category | B1: New Category Mapped | C1: Special Categories | E1: Problem 1 | G1: Problem 2 | I1: Problem 3 | K1: Problem 4 | M1: Problem 5
A2: Cereals and products | B2: Food | C2: Food | E2: Time Period - May'23 | G2: YoY | I2: ending May'23 | K2: Impact of Covid on inflation | M2: Imported oil prices | N2: take it from Google
A3: Meat and fish | B3: Food | C3: Food | G3: Rural+Urban | I3: Jun'22 to May'23 - Mom% | K3: Mar'20 | M3: Jan'21
A4: Egg | B4: Food | C4: Food | G4: starting from 2017 | I4: Only food category | M4: May'23
A5: Milk and products | B5: Food | C5: Food | G5: GI | I5: Rural, Urban and Rural + Urban | M5: MoM%
A6: Oils and fats | B6: Food | C6: Food | G6: we don't have complete data for 2023
A7: Fruits | B7: Food | C7: Food | G7: so we skip 2023 and take data till 2022
A8: Vegetables | B8: Food | C8: Food
A9: Pulses and products | B9: Food | C9: Food
A10: Sugar and Confectionery | B10: Food | C10: Food
A11: Spices | B11: Food | C11: Food
A12: Non-alcoholic beverages | B12: Luxury
A13: Prepared meals, snacks, sweets etc. | B13: Food | C13: Food
A14: Food and beverages | B14: Food | C14: Food
A15: Pan, tobacco and intoxicants | B15: Luxury
A16: Clothing | B16: Apparel
A17: Footwear | B17: Apparel
A18: Clothing and footwear | B18: Apparel
A19: Housing | B19: Housing | C19: Essential services
A20: Fuel and light | B20: Fuel and light | C20: Essential services
A21: Household goods and services | B21: Housing | C21: Essential services
A22: Health | B22: Health | C22: Health
A23: Transport and communication | B23: Transport | C23: Essential services
A24: Recreation and amusement | B24: Recreation and amusement
A25: Education | B25: Education | C25: Essential services
A26: Personal care and effects | B26: Personal care and effects
A27: Miscellaneous | B27: Misc
A28: General index | B28: GI

Sheet Problem.1
A1: Sector | B1: Year | C1: Month | D1: Cereals and products | E1: Meat and fish | F1: Egg | G1: Milk and products | H1: Oils and fats | I1: Fruits | J1: Vegetables | K1: Pulses and products | L1: Sugar and Confectionery | M1: Spices | N1: Non-alcoholic beverages | O1: Prepared meals, snacks, sweets etc. | P1: Food and beverages | Q1: Pan, tobacco and intoxicants | R1: Clothing | S1: Footwear | T1: Clothing and footwear | U1: Housing | V1: Fuel and light | W1: Household goods and services | X1: Health | Y1: Transport and communication | Z1: Recreation and amusement | AA1: Education | AB1: Personal care and effects | AC1: Miscellaneous | AD1: General index
A2: Rural | B2: 2023 | C2: May | D2: 173.2 | E2: 211.5 | F2: 171 | G2: 179.6 | H2: 173.3 | I2: 169 | J2: 148.7 | K2: 174.9 | L2: 121.9 | M2: 221 | N2: 178.7 | O2: 191.1 | P2: 176.8 | Q2: 199.9 | R2: 191.2 | S2: 187.9 | T2: 190.8 | U2: - | V2: 182.5 | W2: 179.8 | X2: 187.8 | Y2: 169.7 | Z2: 173.8 | AA2: 180.3 | AB2: 184.9 | AC2: 179.5 | AD2: 179.8
A3: Urban | B3: 2023 | C3: May | D3: 174.7 | E3: 219.4 | F3: 176.7 | G3: 179.4 | H3: 164.4 | I3: 175.8 | J3: 185 | K3: 176.9 | L3: 124.2 | M3: 211.9 | N3: 165.9 | O3: 197.7 | P3: 183.1 | Q3: 204.2 | R3: 181.3 | S3: 168.1 | T3: 179.3 | U3: 175.6 | V3: 183.4 | W3: 170.1 | X3: 182.2 | Y3: 160.4 | Z3: 169.2 | AA3: 174.8 | AB3: 185.6 | AC3: 171.6 | AD3: 178.2
A4: Rural+Urban | B4: 2023 | C4: May | D4: 173.7 | E4: 214.3 | F4: 173.2 | G4: 179.5 | H4: 170 | I4: 172.2 | J4: 161 | K4: 175.6 | L4: 122.7 | M4: 218 | N4: 173.4 | O4: 194.2 | P4: 179.1 | Q4: 201 | R4: 187.3 | S4: 179.7 | T4: 186.2 | U4: 175.6 | V4: 182.8 | W4: 175.2 | X4: 185.7 | Y4: 164.8 | Z4: 171.2 | AA4: 177.1 | AB4: 185.2 | AC4: 175.7 | AD4: 179.1
A6: May'23
A7: Category | B7: Rural | C7: Urban | D7: Rural+Urban | E7: New Category Mapped | H7: New Category Mapped | I7: Rural | J7: Urban | K7: Rural+Urban | L7: Rural% | M7: Urban% | N7: Rural+Urban%
A8: Cereals and products | B8: 173.2 | C8: 174.7 | D8: 173.7 | E8: Food | H8: {=_xlfn.UNIQUE(E8:E34)} -> Food | I8: =SUMIF($E$8:$E$34,$H8,B$8:B$34) -> 2112 | J8: =SUMIF($E$8:$E$34,$H8,C$8:C$34) -> 2169.2 | K8: =SUMIF($E$8:$E$34,$H8,D$8:D$34) -> 2133.5 | L8: =I8/I$20 -> 0.46945852 | M8: =J8/J$20 -> 0.46740934 | N8: =K8/K$20 -> 0.45838347
A9: Meat and fish | B9: 211.5 | C9: 219.4 | D9: 214.3 | E9: Food | H9: Luxury | I9: =SUMIF($E$8:$E$34,$H9,B$8:B$34) -> 378.6 | J9: =SUMIF($E$8:$E$34,$H9,C$8:C$34) -> 370.1 | K9: =SUMIF($E$8:$E$34,$H9,D$8:D$34) -> 374.4 | L9: =I9/I$20 -> 0.084155775 | M9: =J9/J$20 -> 0.079747463 | N9: =K9/K$20 -> 0.080440014
A10: Egg | B10: 171 | C10: 176.7 | D10: 173.2 | E10: Food | H10: Apparel | I10: =SUMIF($E$8:$E$34,$H10,B$8:B$34) -> 569.9 | J10: =SUMIF($E$8:$E$34,$H10,C$8:C$34) -> 528.7 | K10: =SUMIF($E$8:$E$34,$H10,D$8:D$34) -> 553.2 | L10: =I10/I$20 -> 0.12667823 | M10: =J10/J$20 -> 0.11392187 | N10: =K10/K$20 -> 0.11885528
A11: Milk and products | B11: 179.6 | C11: 179.4 | D11: 179.5 | E11: Food | H11: Housing | I11: =SUMIF($E$8:$E$34,$H11,B$8:B$34) -> 179.8 | J11: =SUMIF($E$8:$E$34,$H11,C$8:C$34) -> 345.7 | K11: =SUMIF($E$8:$E$34,$H11,D$8:D$34) -> 350.8 | L11: =I11/I$20 -> 0.039966213 | M11: =J11/J$20 -> 0.074489862 | N11: =K11/K$20 -> 0.075369543
A12: Oils and fats | B12: 173.3 | C12: 164.4 | D12: 170 | E12: Food | H12: Fuel and light | I12: =SUMIF($E$8:$E$34,$H12,B$8:B$34) -> 182.5 | J12: =SUMIF($E$8:$E$34,$H12,C$8:C$34) -> 183.4 | K12: =SUMIF($E$8:$E$34,$H12,D$8:D$34) -> 182.8 | L12: =I12/I$20 -> 0.040566373 | M12: =J12/J$20 -> 0.039518197 | N12: =K12/K$20 -> 0.039274665
A13: Fruits | B13: 169 | C13: 175.8 | D13: 172.2 | E13: Food | H13: Health | I13: =SUMIF($E$8:$E$34,$H13,B$8:B$34) -> 187.8 | J13: =SUMIF($E$8:$E$34,$H13,C$8:C$34) -> 182.2 | K13: =SUMIF($E$8:$E$34,$H13,D$8:D$34) -> 185.7 | L13: =I13/I$20 -> 0.041744465 | M13: =J13/J$20 -> 0.039259626 | N13: =K13/K$20 -> 0.039897731
A14: Vegetables | B14: 148.7 | C14: 185 | D14: 161 | E14: Food | H14: Transport | I14: =SUMIF($E$8:$E$34,$H14,B$8:B$34) -> 169.7 | J14: =SUMIF($E$8:$E$34,$H14,C$8:C$34) -> 160.4 | K14: =SUMIF($E$8:$E$34,$H14,D$8:D$34) -> 164.8 | L14: =I14/I$20 -> 0.03772117 | M14: =J14/J$20 -> 0.034562262 | N14: =K14/K$20 -> 0.035407356
A15: Pulses and products | B15: 174.9 | C15: 176.9 | D15: 175.6 | E15: Food | H15: Recreation and amusement | I15: =SUMIF($E$8:$E$34,$H15,B$8:B$34) -> 173.8 | J15: =SUMIF($E$8:$E$34,$H15,C$8:C$34) -> 169.2 | K15: =SUMIF($E$8:$E$34,$H15,D$8:D$34) -> 171.2 | L15: =I15/I$20 -> 0.038632524 | M15: =J15/J$20 -> 0.036458446 | N15: =K15/K$20 -> 0.036782399
A16: Sugar and Confectionery | B16: 121.9 | C16: 124.2 | D16: 122.7 | E16: Food | H16: Education | I16: =SUMIF($E$8:$E$34,$H16,B$8:B$34) -> 180.3 | J16: =SUMIF($E$8:$E$34,$H16,C$8:C$34) -> 174.8 | K16: =SUMIF($E$8:$E$34,$H16,D$8:D$34) -> 177.1 | L16: =I16/I$20 -> 0.040077354 | M16: =J16/J$20 -> 0.037665108 | N16: =K16/K$20 -> 0.038050017
A17: Spices | B17: 221 | C17: 211.9 | D17: 218 | E17: Food | H17: Personal care and effects | I17: =SUMIF($E$8:$E$34,$H17,B$8:B$34) -> 184.9 | J17: =SUMIF($E$8:$E$34,$H17,C$8:C$34) -> 185.6 | K17: =SUMIF($E$8:$E$34,$H17,D$8:D$34) -> 185.2 | L17: =I17/I$20 -> 0.041099849 | M17: =J17/J$20 -> 0.039992243 | N17: =K17/K$20 -> 0.039790306
A18: Non-alcoholic beverages | B18: 178.7 | C18: 165.9 | D18: 173.4 | E18: Luxury | H18: Misc | I18: =SUMIF($E$8:$E$34,$H18,B$8:B$34) -> 179.5 | J18: =SUMIF($E$8:$E$34,$H18,C$8:C$34) -> 171.6 | K18: =SUMIF($E$8:$E$34,$H18,D$8:D$34) -> 175.7 | L18: =I18/I$20 -> 0.039899529 | M18: =J18/J$20 -> 0.036975587 | N18: =K18/K$20 -> 0.037749227
A19: Prepared meals, snacks, sweets etc. | B19: 191.1 | C19: 197.7 | D19: 194.2 | E19: Food | H19: GI | I19: =SUMIF($E$8:$E$34,$H19,B$8:B$34) -> 179.8 | J19: =SUMIF($E$8:$E$34,$H19,C$8:C$34) -> 178.2 | K19: =SUMIF($E$8:$E$34,$H19,D$8:D$34) -> 179.1 | L19: - | M19: - | N19: -
A20: Food and beverages | B20: 176.8 | C20: 183.1 | D20: 179.1 | E20: Food | H20: Grand Total | I20: =SUM(I8:I18) -> 4498.8 | J20: =SUM(J8:J18) -> 4640.9 | K20: =SUM(K8:K18) -> 4654.4 | L20: =SUM(L8:L18) -> 1 | M20: =SUM(M8:M18) -> 1 | N20: =SUM(N8:N18) -> 1
A21: Pan, tobacco and intoxicants | B21: 199.9 | C21: 204.2 | D21: 201 | E21: Luxury
A22: Clothing | B22: 191.2 | C22: 181.3 | D22: 187.3 | E22: Apparel
A23: Footwear | B23: 187.9 | C23: 168.1 | D23: 179.7 | E23: Apparel | H23: New Category Mapped | I23: Rural% | J23: Urban% | K23: Rural+Urban%
A24: Clothing and footwear | B24: 190.8 | C24: 179.3 | D24: 186.2 | E24: Apparel | H24: Food | I24: 0.46945852 | J24: 0.46740934 | K24: 0.45838347
A25: Housing | B25: - | C25: 175.6 | D25: 175.6 | E25: Housing | H25: Luxury | I25: 0.084155775 | J25: 0.079747463 | K25: 0.080440014
A26: Fuel and light | B26: 182.5 | C26: 183.4 | D26: 182.8 | E26: Fuel and light | H26: Apparel | I26: 0.12667823 | J26: 0.11392187 | K26: 0.11885528
A27: Household goods and services | B27: 179.8 | C27: 170.1 | D27: 175.2 | E27: Housing | H27: Housing | I27: 0.039966213 | J27: 0.074489862 | K27: 0.075369543
A28: Health | B28: 187.8 | C28: 182.2 | D28: 185.7 | E28: Health | H28: Fuel and light | I28: 0.040566373 | J28: 0.039518197 | K28: 0.039274665
A29: Transport and communication | B29: 169.7 | C29: 160.4 | D29: 164.8 | E29: Transport | H29: Health | I29: 0.041744465 | J29: 0.039259626 | K29: 0.039897731
A30: Recreation and amusement | B30: 173.8 | C30: 169.2 | D30: 171.2 | E30: Recreation and amusement | H30: Transport | I30: 0.03772117 | J30: 0.034562262 | K30: 0.035407356
A31: Education | B31: 180.3 | C31: 174.8 | D31: 177.1 | E31: Education | H31: Recreation and amusement | I31: 0.038632524 | J31: 0.036458446 | K31: 0.036782399
A32: Personal care and effects | B32: 184.9 | C32: 185.6 | D32: 185.2 | E32: Personal care and effects | H32: Education | I32: 0.040077354 | J32: 0.037665108 | K32: 0.038050017
A33: Miscellaneous | B33: 179.5 | C33: 171.6 | D33: 175.7 | E33: Misc | H33: Personal care and effects | I33: 0.041099849 | J33: 0.039992243 | K33: 0.039790306
A34: General index | B34: 179.8 | C34: 178.2 | D34: 179.1 | E34: GI | H34: Misc | I34: 0.039899529 | J34: 0.036975587 | K34: 0.037749227
H35: GI | I35: - | J35: - | K35: -
H36: Grand Total | I36: 1 | J36: 1 | K36: 1

Sheet Problem.2
A1: Sector | B1: Year | C1: Month | D1: Cereals and products | E1: Meat and fish | F1: Egg | G1: Milk and products | H1: Oils and fats | I1: Fruits | J1: Vegetables | K1: Pulses and products | L1: Sugar and Confectionery | M1: Spices | N1: Non-alcoholic beverages | O1: Prepared meals, snacks, sweets etc. | P1: Food and beverages | Q1: Pan, tobacco and intoxicants | R1: Clothing | S1: Footwear | T1: Clothing and footwear | U1: Housing | V1: Fuel and light | W1: Household goods and services | X1: Health | Y1: Transport and communication | Z1: Recreation and amusement | AA1: Education | AB1: Personal care and effects | AC1: Miscellaneous | AD1: General index
A2: Rural+Urban | B2: 2017 | C2: January | D2: 132.8 | E2: 138.2 | F2: 132.2 | G2: 135.4 | H2: 119.1 | I2: 133 | J2: 119.4 | K2: 159.5 | L2: 115.6 | M2: 139.6 | N2: 126.6 | O2: 142.8 | P2: 133.1 | Q2: 143.8 | R2: 136.6 | S2: 130.2 | T2: 135.6 | U2: 129.6 | V2: 126.8 | W2: 129.4 | X2: 127.1 | Y2: 117 | Z2: 124.2 | AA2: 133.3 | AB2: 121.7 | AC2: 124.4 | AD2: 130.3
A3: Rural+Urban | B3: 2017 | C3: February | D3: 133.1 | E3: 138.8 | F3: 129.3 | G3: 135.8 | H3: 119.2 | I3: 135.3 | J3: 119.5 | K3: 152.2 | L3: 117.3 | M3: 138.7 | N3: 126.9 | O3: 143.2 | P3: 133 | Q3: 144.4 | R3: 136.8 | S3: 130.3 | T3: 135.9 | U3: 130.5 | V3: 127.9 | W3: 129.7 | X3: 127.4 | Y3: 117.4 | Z3: 124.6 | AA3: 133.4 | AB3: 122.6 | AC3: 124.8 | AD3: 130.6
A4: Rural+Urban | B4: 2017 | C4: March | D4: 133.3 | E4: 139 | F4: 128.6 | G4: 136.3 | H4: 118.8 | I4: 138.3 | J4: 120.5 | K4: 143.9 | L4: 118 | M4: 137.9 | N4: 127.2 | O4: 144 | P4: 133.1 | Q4: 145.1 | R4: 137.3 | S4: 130.6 | T4: 136.4 | U4: 131.1 | V4: 129.1 | W4: 130.1 | X4: 127.8 | Y4: 117.6 | Z4: 125 | AA4: 133.8 | AB4: 122.6 | AC4: 125.1 | AD4: 130.9
A5: Rural+Urban | B5: 2017 | C5: April | D5: 133 | E5: 139.4 | F5: 126.1 | G5: 137.2 | H5: 118.4 | I5: 139.9 | J5: 123.4 | K5: 140.9 | L5: 118.5 | M5: 136.5 | N5: 127.4 | O5: 144.2 | P5: 133.5 | Q5: 145.4 | R5: 138 | S5: 131.1 | T5: 137 | U5: 131.7 | V5: 129.8 | W5: 130.4 | X5: 128.1 | Y5: 116.6 | Z5: 125.1 | AA5: 134.5 | AB5: 123.1 | AC5: 125.1 | AD5: 131.1
A6: Rural+Urban | B6: 2017 | C6: May | D6: 132.9 | E6: 141.6 | F6: 126.3 | G6: 137.7 | H6: 118.1 | I6: 137.9 | J6: 125.6 | K6: 138.3 | L6: 119.4 | M6: 136 | N6: 127.6 | O6: 144.5 | P6: 133.7 | Q6: 146.2 | R6: 138.2 | S6: 131.4 | T6: 137.2 | U6: 132.1 | V6: 129.4 | W6: 130.9 | X6: 128.4 | Y6: 116.7 | Z6: 125.7 | AA6: 134.8 | AB6: 123 | AC6: 125.3 | AD6: 131.4
A7: Rural+Urban | B7: 2017 | C7: June | D7: 133.3 | E7: 145.5 | F7: 128.1 | G7: 138.1 | H7: 118.2 | I7: 139.2 | J7: 133.3 | K7: 136.2 | L7: 119.6 | M7: 135.3 | N7: 127.8 | O7: 144.9 | P7: 135.2 | Q7: 146.5 | R7: 138.5 | S7: 131.7 | T7: 137.5 | U7: 131.4 | V7: 128.8 | W7: 131.2 | X7: 128.5 | Y7: 116.5 | Z7: 125.9 | AA7: 135.4 | AB7: 123.4 | AC7: 125.5 | AD7: 132
A8: Rural+Urban | B8: 2017 | C8: July | D8: 133.6 | E8: 145.7 | F8: 129.6 | G8: 138.5 | H8: 118.1 | I8: 141.8 | J8: 159.5 | K8: 133.6 | L8: 120.5 | M8: 135.2 | N8: 128.5 | O8: 145.8 | P8: 139 | Q8: 148.2 | R8: 139.3 | S8: 132.1 | T8: 138.3 | U8: 132.6 | V8: 129.4 | W8: 131.9 | X8: 129.4 | Y8: 116 | Z8: 126.6 | AA8: 136.8 | AB8: 123.6 | AC8: 125.9 | AD8: 134.2
A9: Rural+Urban | B9: 2017 | C9: August | D9: 134.3 | E9: 143.4 | F9: 129.3 | G9: 139 | H9: 118.1 | I9: 145.5 | J9: 168.6 | K9: 132.7 | L9: 121.2 | M9: 135.6 | N9: 128.7 | O9: 146.8 | P9: 140.6 | Q9: 149.8 | R9: 140.3 | S9: 133 | T9: 139.3 | U9: 134.4 | V9: 129.8 | W9: 132.8 | X9: 130.2 | Y9: 117.3 | Z9: 127.3 | AA9: 137.6 | AB9: 124.5 | AC9: 126.8 | AD9: 135.4
A10: Rural+Urban | B10: 2017 | C10: September | D10: 134.7 | E10: 142.4 | F10: 130.2 | G10: 139.6 | H10: 118.4 | I10: 143 | J10: 156.6 | K10: 132.9 | L10: 121.5 | M10: 135.6 | N10: 128.8 | O10: 147.3 | P10: 139 | Q10: 150.8 | R10: 141.1 | S10: 133.4 | T10: 140 | U10: 135.7 | V10: 131 | W10: 133.3 | X10: 130.6 | Y10: 118.3 | Z10: 127.9 | AA10: 137.4 | AB10: 125.7 | AC10: 127.5 | AD10: 135.2
A11: Rural+Urban | B11: 2017 | C11: October | D11: 135.3 | E11: 142.2 | F11: 131.2 | G11: 140.6 | H11: 119 | I11: 141.5 | J11: 162.6 | K11: 132.3 | L11: 121.8 | M11: 136.3 | N11: 128.7 | O11: 148.1 | P11: 140.1 | Q11: 151.6 | R11: 142 | S11: 134.1 | T11: 140.8 | U11: 137.3 | V11: 132.2 | W11: 133.6 | X11: 131.3 | Y11: 117.8 | Z11: 128.4 | AA11: 137.9 | AB11: 126.2 | AC11: 127.7 | AD11: 136.1
A12: Rural+Urban | B12: 2017 | C12: November | D12: 135.7 | E12: 142.4 | F12: 142.9 | G12: 140.8 | H12: 119.2 | I12: 142.2 | J12: 173.8 | K12: 131.2 | L12: 123 | M12: 136.8 | N12: 129.2 | O12: 148.9 | P12: 142.1 | Q12: 153.2 | R12: 143 | S12: 134.8 | T12: 141.8 | U12: 138.6 | V12: 135.3 | W12: 134.4 | X12: 132.6 | Y12: 118.3 | Z12: 128.9 | AA12: 138.6 | AB12: 126.8 | AC12: 128.4 | AD12: 137.6
A13: Rural+Urban | B13: 2017 | C13: December | D13: 135.8 | E13: 143.3 | F13: 145.2 | G13: 141 | H13: 120.5 | I13: 141.5 | J13: 161.7 | K13: 129.1 | L13: 121.5 | M13: 137.1 | N13: 128.8 | O13: 149 | P13: 140.5 | Q13: 154.2 | R13: 143.1 | S13: 135.1 | T13: 142 | U13: 139.1 | V13: 136.6 | W13: 134.7 | X13: 133.1 | Y13: 118.5 | Z13: 129 | AA13: 138.5 | AB13: 126.5 | AC13: 128.6 | AD13: 137.2
... A39: Rural+Urban | B39: 2020 | C39: March | D39: 145.1 | E39: 167 | F39: 148.1 | G39: 151.5 | H39: 131.2 | I39: 142.5 | J39: 157.3 | K39: 141.1 | L39: 113.2 | M39: 153.2 | N39: 136.7 | O39: 159.6 | P39: 148.9 | Q39: 171.2 | R39: 151.2 | S39: 141.9 | T39: 149.8 | U39: 154.5 | V39: 148.9 | W39: 146.4 | X39: 152.3 | Y39: 129.9 | Z39: 143.7 | AA39: 156.1 | AB39: 145.2 | AC39: 143.8 | AD39: 148.6
A40: Rural+Urban | B40: 2020 | C40: April | D40: 148.7 | E40: NA | F40: 148.8 | G40: 155.6 | H40: 135.1 | I40: 149.9 | J40: 168.6 | K40: 150.4 | L40: 120.3 | M40: 157.1 | N40: 136.8 | O40: NA | P40: 151.4 | Q40: NA | R40: NA | S40: NA | T40: NA | U40: 155.6 | V40: 144.1 | W40: NA | X40: 150.7 | Y40: NA | Z40: NA | AA40: NA | AB40: NA | AC40: NA | AD40: NA
A41: Rural+Urban | B41: 2020 | C41: May | D41: NA | E41: NA | F41: NA | G41: NA | H41: NA | I41: NA | J41: NA | K41: NA | L41: NA | M41: NA | N41: NA | O41: NA | P41: NA | Q41: NA | R41: NA | S41: NA | T41: NA | U41: NA | V41: NA | W41: NA | X41: NA | Y41: NA | Z41: NA | AA41: NA | AB41: NA | AC41: NA | AD41: NA
A42: Rural+Urban | B42: 2020 | C42: June | D42: 149.6 | E42: 192.7 | F42: 151.4 | G42: 153.3 | H42: 136.3 | I42: 147.2 | J42: 156.5 | K42: 150.9 | L42: 114.2 | M42: 159.5 | N42: 139.4 | O42: 161.8 | P42: 154 | Q42: 183.5 | R42: 152.5 | S42: 144.4 | T42: 151.4 | U42: 154.7 | V42: 141.9 | W42: 146.4 | X42: 154.4 | Y42: 135 | Z42: 148.3 | AA42: 156.4 | AB42: 151.6 | AC42: 147 | AD42: 151.8
A43: Rural+Urban | B43: 2020 | C43: July | D43: 149.6 | E43: 192.7 | F43: 151.4 | G43: 153.3 | H43: 136.3 | I43: 147.2 | J43: 156.5 | K43: 150.9 | L43: 114.2 | M43: 159.5 | N43: 139.4 | O43: 161.8 | P43: 154 | Q43: 183.5 | R43: 152.5 | S43: 144.4 | T43: 151.4 | U43: 154.7 | V43: 141.9 | W43: 146.4 | X43: 154.4 | Y43: 135 | Z43: 148.3 | AA43: 156.4 | AB43: 151.6 | AC43: 147 | AD43: 151.8
A44: Rural+Urban | B44: 2020 | C44: August | D44: 148.9 | E44: 190.9 | F44: 150.8 | G44: 153.3 | H44: 137.4 | I44: 150.4 | J44: 178.1 | K44: 150.4 | L44: 115.1 | M44: 160 | N44: 140.6 | O44: 162.3 | P44: 157 | Q44: 182.6 | R44: 153.1 | S44: 143.4 | T44: 151.7 | U44: 155.5 | V44: 143 | W44: 148.4 | X44: 155 | Y44: 138.5 | Z44: 146 | AA44: 158.5 | AB44: 154.3 | AC44: 149 | AD44: 153.9
A45: Rural+Urban | B45: 2020 | C45: September | D45: 148.4 | E45: 187.1 | F45: 152.5 | G45: 153.6 | H45: 138.2 | I45: 150.9 | J45: 186.7 | K45: 149.8 | L45: 116.4 | M45: 160.3 | N45: 142.2 | O45: 162.9 | P45: 158 | Q45: 184.4 | R45: 153.4 | S45: 144.3 | T45: 152 | U45: 156.3 | V45: 142.9 | W45: 148.7 | X45: 155.6 | Y45: 139.6 | Z45: 146.6 | AA45: 157.5 | AB45: 158.4 | AC45: 150 | AD45: 154.7
A46: Rural+Urban | B46: 2020 | C46: October | D46: 147.5 | E46: 188.9 | F46: 161.4 | G46: 153.6 | H46: 140.1 | I46: 151.2 | J46: 209.2 | K46: 150.9 | L46: 116.2 | M46: 161 | N46: 144 | O46: 163.2 | P46: 161.4 | Q46: 184.3 | R46: 153.7 | S46: 144.6 | T46: 152.3 | U46: 156.5 | V46: 143.1 | W46: 148.7 | X46: 156.3 | Y46: 140.6 | Z46: 146.5 | AA46: 158.5 | AB46: 157 | AC46: 150.4 | AD46: 156.4
A47: Rural+Urban | B47: 2020 | C47: November | D47: 146.8 | E47: 191 | F47: 173.6 | G47: 153.8 | H47: 142.7 | I47: 148.4 | J47: 230 | K47: 156.8 | L47: 115.7 | M47: 161.8 | N47: 146.5 | O47: 163.8 | P47: 164.7 | Q47: 184.8 | R47: 154.3 | S47: 144.9 | T47: 152.8 | U47: 158 | V47: 143.6 | W47: 149.2 | X47: 157.2 | Y47: 140.4 | Z47: 148.4 | AA47: 158.6 | AB47: 156.9 | AC47: 150.7 | AD47: 158.4
A48: Rural+Urban | B48: 2020 | C48: December | D48: 146 | E48: 191 | F48: 175.3 | G48: 154.1 | H48: 146.6 | I48: 147.7 | J48: 230.5 | K48: 160.2 | L48: 115.3 | M48: 163 | N48: 149.2 | O48: 164.8 | P48: 165.4 | Q48: 185.4 | R48: 155 | S48: 145.4 | T48: 153.6 | U48: 158.4 | V48: 144.6 | W48: 149.7 | X48: 158.3 | Y48: 140.7 | Z48: 148.5 | AA48: 159.4 | AB48: 157.1 | AC48: 151.2 | AD48: 158.9
A49: Rural+Urban | B49: 2021 | C49: January | D49: 144.9 | E49: 190.1 | F49: 175.3 | G49: 154.1 | H49: 150.9 | I49: 149.6 | J49: 194.2 | K49: 160.4 | L49: 114.6 | M49: 164 | N49: 151.8 | O49: 165.6 | P49: 161 | Q49: 186.5 | R49: 155.5 | S49: 146.1 | T49: 154.2 | U49: 157.7 | V49: 147.9 | W49: 150 | X49: 159.3 | Y49: 141.9 | Z49: 149.6 | AA49: 159.2 | AB49: 156.8 | AC49: 151.9 | AD49: 157.3
A50: Rural+Urban | B50: 2021 | C50: February | D50: 144.3 | E50: 186.5 | F50: 168.7 | G50: 154.7 | H50: 158.7 | I50: 150.7 | J50: 160 | K50: 158.8 | L50: 112.8 | M50: 164.2 | N50: 155.5 | O50: 167.5 | P50: 156.9 | Q50: 188.3 | R50: 157.2 | S50: 147.4 | T50: 155.8 | U50: 159.8 | V50: 152.4 | W50: 150.9 | X50: 161.3 | Y50: 145.1 | Z50: 151.5 | AA50: 159.5 | AB50: 155.8 | AC50: 153.4 | AD50: 156.6
A51: Rural+Urban | B51: 2021 | C51: March | D51: 144.1 | E51: 192.2 | F51: 163.8 | G51: 154.9 | H51: 163.9 | I51: 153.7 | J51: 149.5 | K51: 159.8 | L51: 112.6 | M51: 163.5 | N51: 156.5 | O51: 168.2 | P51: 156.7 | Q51: 188.1 | R51: 157.8 | S51: 147.9 | T51: 156.4 | U51: 159.9 | V51: 155.5 | W51: 151.2 | X51: 161.7 | Y51: 146.2 | Z51: 152.6 | AA51: 160.2 | AB51: 153.8 | AC51: 153.8 | AD51: 156.8
A52: Rural+Urban | B52: 2021 | C52: April | D52: 144.3 | E52: 198 | F52: 164.6 | G52: 155.4 | H52: 170.1 | I52: 164.4 | J52: 144.1 | K52: 161.7 | L52: 113.1 | M52: 163.9 | N52: 157.6 | O52: 168.9 | P52: 158 | Q52: 188.8 | R52: 158.8 | S52: 148.5 | T52: 157.3 | U52: 161.4 | V52: 155.6 | W52: 151.8 | X52: 162.3 | Y52: 146.6 | Z52: 153.2 | AA52: 160.3 | AB52: 155.4 | AC52: 154.4 | AD52: 157.8
A53: Rural+Urban | B53: 2021 | C53: May | D53: 146.3 | E53: 200.5 | F53: 170.3 | G53: 156.1 | H53: 178.7 | I53: 167.1 | J53: 147.9 | K53: 165.4 | L53: 114.8 | M53: 168.2 | N53: 159.3 | O53: 170.4 | P53: 160.7 | Q53: 191.9 | R53: 161.8 | S53: 152.1 | T53: 160.4 | U53: 161.6 | V53: 159.4 | W53: 154.7 | X53: 165.8 | Y53: 148.9 | Z53: 155.8 | AA53: 161.2 | AB53: 158.6 | AC53: 156.8 | AD53: 160.4
... A72: Rural+Urban | B72: 2022 | C72: December | D72: 169.2 | E72: 209 | F72: 190.2 | G72: 173.6 | H72: 188.5 | I72: 158 | J72: 159.9 | K72: 170.8 | L72: 121.8 | M72: 205.2 | N72: 171 | O72: 190.3 | P72: 175.9 | Q72: 197.3 | R72: 184 | S72: 177 | T72: 183 | U72: 170.7 | V72: 182 | W72: 172.1 | X72: 181.1 | Y72: 163.4 | Z72: 168.9 | AA72: 174.1 | AB72: 175.8 | AC72: 172 | AD72: 175.7
A75: Year | B75: Month | C75: Sum of General index | D75: YoY% | F75: Year | G75: Inflation Rate (YoY%)
A76: 2017 | B76: January | C76: 130.3 | F76: 2017 | G76: 0.05295472
B77: December | C77: 137.2 | D77: =(GETPIVOTDATA("General index",$A$75,"Year",2017,"Month","December")-GETPIVOTDATA("General index",$A$75,"Year",2017,"Month","January"))/GETPIVOTDATA("General index",$A$75,"Year",2017,"Month","January") -> 0.05295472 | F77: 2018 | G77: 0.023374726
A78: 2018 | B78: January | C78: 136.9 | F78: 2019 | G78: 0.077363897
B79: December | C79: 140.1 | D79: =(GETPIVOTDATA("General index",$A$75,"Year",2018,"Month","December")-GETPIVOTDATA("General index",$A$75,"Year",2018,"Month","January"))/GETPIVOTDATA("General index",$A$75,"Year",2018,"Month","January") -> 0.023374726 | F79: 2020 | G79: 0.05792277
A80: 2019 | B80: January | C80: 139.6 | F80: 2021 | G80: 0.056579784
B81: December | C81: 150.4 | D81: =(GETPIVOTDATA("General index",$A$75,"Year",2019,"Month","December")-GETPIVOTDATA("General index",$A$75,"Year",2019,"Month","January"))/GETPIVOTDATA("General index",$A$75,"Year",2019,"Month","January") -> 0.077363897 | F81: 2022 | G81: 0.06035003
A82: 2020 | B82: January | C82: 150.2
B83: December | C83: 158.9 | D83: =(GETPIVOTDATA("General index",$A$75,"Year",2020,"Month","December")-GETPIVOTDATA("General index",$A$75,"Year",2020,"Month","January"))/GETPIVOTDATA("General index",$A$75,"Year",2020,"Month","January") -> 0.05792277
A84: 2021 | B84: January | C84: 157.3
B85: December | C85: 166.2 | D85: =(GETPIVOTDATA("General index",$A$75,"Year",2021,"Month","December")-GETPIVOTDATA("General index",$A$75,"Year",2021,"Month","January"))/GETPIVOTDATA("General index",$A$75,"Year",2021,"Month","January") -> 0.056579784
A86: 2022 | B86: January | C86: 165.7
B87: December | C87: 175.7 | D87: =(GETPIVOTDATA("General index",$A$75,"Year",2022,"Month","December")-GETPIVOTDATA("General index",$A$75,"Year",2022,"Month","January"))/GETPIVOTDATA("General index",$A$75,"Year",2022,"Month","January") -> 0.06035003
A88: Grand Total | C88: 1808.5
A92: Sector | B92: Year | C92: Month | D92: Cereals and products | E92: Meat and fish | F92: Egg | G92: Milk and products | H92: Oils and fats | I92: Fruits | J92: Vegetables | K92: Pulses and products | L92: Sugar and Confectionery | M92: Spices | N92: Non-alcoholic beverages | O92: Prepared meals, snacks, sweets etc. | P92: Food and beverages | Q92: Pan, tobacco and intoxicants | R92: Clothing | S92: Footwear | T92: Clothing and footwear | U92: Housing | V92: Fuel and light | W92: Household goods and services | X92: Health | Y92: Transport and communication | Z92: Recreation and amusement | AA92: Education | AB92: Personal care and effects | AC92: Miscellaneous | AD92: General index
A93: Rural+Urban | B93: 2019 | C93: January | D93: 137.1 | E93: 151.4 | F93: 140.2 | G93: 142.1 | H93: 121.8 | I93: 135.4 | J93: 131.3 | K93: 120.3 | L93: 109.1 | M93: 139.4 | N93: 133.3 | O93: 154.6 | P93: 137.4 | Q93: 163.2 | R93: 147.6 | S93: 139 | T93: 146.4 | U93: 147.7 | V93: 139.5 | W93: 143.6 | X93: 145.1 | Y93: 123.3 | Z93: 136.7 | AA93: 150.2 | AB93: 132.8 | AC93: 136.9 | AD93: 139.6
A94: Rural+Urban | B94: 2019 | C94: February | D94: 137.6 | E94: 152 | F94: 141.5 | G94: 142.2 | H94: 122 | I94: 136.4 | J94: 129.7 | K94: 121 | L94: 109 | M94: 139.7 | N94: 133.6 | O94: 154.9 | P94: 137.5 | Q94: 163.4 | R94: 147.7 | S94: 139.7 | T94: 146.5 | U94: 148.5 | V94: 138.4 | W94: 143.7 | X94: 145.6 | Y94: 123.9 | Z94: 137.1 | AA94: 150.3 | AB94: 134.1 | AC94: 137.4 | AD94: 139.9
A95: Rural+Urban | B95: 2019 | C95: March | D95: 137.8 | E95: 153 | F95: 140.3 | G95: 142.3 | H95: 122 | I95: 137.6 | J95: 132.6 | K95: 121.8 | L95: 109 | M95: 139.5 | N95: 133.7 | O95: 155.2 | P95: 138.1 | Q95: 163.5 | R95: 147.9 | S95: 139.9 | T95: 146.7 | U95: 149 | V95: 139.7 | W95: 143.8 | X95: 146.2 | Y95: 124.6 | Z95: 137.7 | AA95: 150.3 | AB95: 133.4 | AC95: 137.7 | AD95: 140.4
A96: Rural+Urban | B96: 2019 | C96: May | D96: 138.3 | E96: 158.5 | F96: 136 | G96: 142.5 | H96: 122 | I96: 146.5 | J96: 143 | K96: 124.9 | L96: 109.9 | M96: 139.9 | N96: 134 | O96: 155.5 | P96: 140.9 | Q96: 164.1 | R96: 148.4 | S96: 140.4 | T96: 147.3 | U96: 150.1 | V96: 140.3 | W96: 143.7 | X96: 146.9 | Y96: 124.9 | Z96: 139.2 | AA96: 151.6 | AB96: 133.4 | AC96: 138.2 | AD96: 142
A97: Rural+Urban | B97: 2019 | C97: June | D97: 138.7 | E97: 162.1 | F97: 137.8 | G97: 143.3 | H97: 122.2 | I97: 146.8 | J97: 150.5 | K97: 128.3 | L97: 111 | M97: 140.6 | N97: 134.2 | O97: 155.9 | P97: 142.7 | Q97: 164.9 | R97: 148.6 | S97: 140.4 | T97: 147.4 | U97: 149.4 | V97: 141.2 | W97: 143.8 | X97: 147.4 | Y97: 124.6 | Z97: 139.6 | AA97: 152.5 | AB97: 134.3 | AC97: 138.6 | AD97: 142.9
A98: Rural+Urban | B98: 2019 | C98: July | D98: 139.3 | E98: 162.7 | F98: 140 | G98: 144 | H98: 122.5 | I98: 150.3 | J98: 160.3 | K98: 130 | L98: 111.1 | M98: 141.7 | N98: 134.7 | O98: 156.2 | P98: 144.7 | Q98: 165.2 | R98: 148.9 | S98: 140.5 | T98: 147.6 | U98: 150.6 | V98: 139.3 | W98: 144.2 | X98: 147.9 | Y98: 125.6 | Z98: 140.5 | AA98: 154 | AB98: 135.7 | AC98: 139.5 | AD98: 144.2
A99: Rural+Urban | B99: 2019 | C99: August | D99: 140.1 | E99: 160.6 | F99: 138.5 | G99: 144.7 | H99: 122.9 | I99: 149.4 | J99: 167.4 | K99: 130.9 | L99: 112 | M99: 142.6 | N99: 134.9 | O99: 156.6 | P99: 145.9 | Q99: 165.8 | R99: 149.1 | S99: 140.6 | T99: 147.9 | U99: 151.6 | V99: 138.5 | W99: 144.5 | X99: 148.5 | Y99: 125.8 | Z99: 140.9 | AA99: 154.9 | AB99: 138.4 | AC99: 140.2 | AD99: 145
A100: Rural+Urban | B100: 2019 | C100: September | D100: 140.9 | E100: 160.8 | F100: 139.6 | G100: 145.4 | H100: 123.5 | I100: 146.6 | J100: 173.2 | K100: 131.6 | L100: 113.2 | M100: 144.1 | N100: 135 | O100: 156.8 | P100: 147 | Q100: 166.5 | R100: 149.2 | S100: 140.6 | T100: 147.9 | U100: 152.2 | V100: 139.2 | W100: 144.6 | X100: 149 | Y100: 126.1 | Z100: 141.3 | AA100: 155.2 | AB100: 139.7 | AC100: 140.7 | AD100: 145.8
A101: Rural+Urban | B101: 2019 | C101: October | D101: 141.8 | E101: 161 | F101: 142.6 | G101: 146.2 | H101: 123.9 | I101: 148 | J101: 188.4 | K101: 132.5 | L101: 114 | M101: 145.4 | N101: 135.1 | O101: 157.1 | P101: 149.6 | Q101: 167.1 | R101: 149.4 | S101: 140.8 | T101: 148.2 | U101: 153 | V101: 140.6 | W101: 145 | X101: 149.4 | Y101: 126.3 | Z101: 141.7 | AA101: 155.4 | AB101: 140 | AC101: 141 | AD101: 147.2
A102: Rural+Urban | B102: 2019 | C102: November | D102: 142.5 | E102: 163.2 | F102: 145.6 | G102: 146.7 | H102: 124.3 | I102: 147.4 | J102: 199.6 | K102: 135.7 | L102: 114.2 | M102: 147 | N102: 135.3 | O102: 157.5 | P102: 151.9 | Q102: 167.9 | R102: 149.9 | S102: 141 | T102: 148.6 | U102: 153.5 | V102: 142.3 | W102: 145.3 | X102: 149.9 | Y102: 126.6 | Z102: 142.1 | AA102: 155.5 | AB102: 140.3 | AC102: 141.3 | AD102: 148.6
A103: Rural+Urban | B103: 2019 | C103: December | D103: 143.5 | E103: 165 | F103: 151.1 | G103: 148.3 | H103: 125.7 | I103: 145.7 | J103: 217 | K103: 138.3 | L103: 114 | M103: 148.7 | N103: 135.8 | O103: 158 | P103: 155 | Q103: 168.5 | R103: 150.3 | S103: 141.3 | T103: 149 | U103: 152.8 | V103: 143.7 | W103: 145.8 | X103: 150.4 | Y103: 129.8 | Z103: 142.3 | AA103: 155.7 | AB103: 140.4 | AC103: 142.5 | AD103: 150.4
A104: YoY% | D104: =(D103-D93)/D93 -> 0.046681255 | E104: =(E103-E93)/E93 -> 0.089828269 | F104: =(F103-F93)/F93 -> 0.077746077 | G104: =(G103-G93)/G93 -> 0.043631246 | H104: =(H103-H93)/H93 -> 0.032019704 | I104: =(I103-I93)/I93 -> 0.076070901 | J104: =(J103-J93)/J93 -> 0.65270373 | K104: =(K103-K93)/K93 -> 0.14962594 | ... AD104: =(AD103-AD93)/AD93 -> 0.077363897
A107: Category | B107: Inflation rate | C107: New Category mapped | E107: New Category mapped | F107: Inflation rate
A108: Vegetables | B108: 0.65270373 | C108: =VLOOKUP(A108,Sheet1!A:B,2,0) -> Food | E108: {=_xlfn.UNIQUE(C108:C134)} -> Food | F108: =SUMIF(C108:C134,E108,B108:B134) -> 1.4300199 | H108: New Category mapped | I108: Inflation rate
A109: Pulses and products | B109: 0.14962594 | C109: =VLOOKUP(A109,Sheet1!A:B,2,0) -> Food | E109: GI | F109: =SUMIF(C109:C135,E109,B109:B135) -> 0.077363897 | H109: Food | I109: 1.4300199
A110: Food and beverages | B110: 0.12809316 | C110: =VLOOKUP(A110,Sheet1!A:B,2,0) -> Food | E110: Personal care and effects | F110: =SUMIF(C110:C136,E110,B110:B136) -> 0.057228916 | H110: GI | I110: 0.077363897
A111: Meat and fish | B111: 0.089828269 | C111: =VLOOKUP(A111,Sheet1!A:B,2,0) -> Food | E111: Transport | F111: =SUMIF(C111:C137,E111,B111:B137) -> 0.052716951 | H111: Personal care and effects | I111: 0.057228916
A112: Egg | B112: 0.077746077 | C112: =VLOOKUP(A112,Sheet1!A:B,2,0) -> Food | E112: Recreation and amusement | F112: =SUMIF(C112:C138,E112,B112:B138) -> 0.040965618 | H112: Transport | I112: 0.052716951
A113: General index | B113: 0.077363897 | C113: =VLOOKUP(A113,Sheet1!A:B,2,0) -> GI | E113: Misc | F113: =SUMIF(C113:C139,E113,B113:B139) -> 0.040905771 | H113: Recreation and amusement | I113: 0.040965618
A114: Fruits | B114: 0.076070901 | C114: =VLOOKUP(A114,Sheet1!A:B,2,0) -> Food | E114: Education | F114: =SUMIF(C114:C140,E114,B114:B140) -> 0.036617843 | H114: Misc | I114: 0.040905771
A115: Spices | B115: 0.066714491 | C115: =VLOOKUP(A115,Sheet1!A:B,2,0) -> Food | E115: Health | F115: =SUMIF(C115:C141,E115,B115:B141) -> 0.036526533 | H115: Education | I115: 0.036617843
A116: Personal care and effects | B116: 0.057228916 | C116: =VLOOKUP(A116,Sheet1!A:B,2,0) -> Personal care and effects | E116: Housing | F116: =SUMIF(C116:C142,E116,B116:B142) -> 0.049849786 | H116: Health | I116: 0.036526533
A117: Transport and communication | B117: 0.052716951 | C117: =VLOOKUP(A117,Sheet1!A:B,2,0) -> Transport | E117: Luxury | F117: =SUMIF(C117:C143,E117,B117:B143) -> 0.051230179 | H117: Housing | I117: 0.049849786
A118: Cereals and products | B118: 0.046681255 | C118: =VLOOKUP(A118,Sheet1!A:B,2,0) -> Food | E118: Fuel and light | F118: =SUMIF(C118:C144,E118,B118:B144) -> 0.030107527 | H118: Luxury | I118: 0.051230179
A119: Sugar and Confectionery | B119: 0.044912924 | C119: =VLOOKUP(A119,Sheet1!A:B,2,0) -> Food | E119: Apparel | F119: =SUMIF(C119:C145,E119,B119:B145) -> 0.052599008 | H119: Fuel and light | I119: 0.030107527
A120: Milk and products | B120: 0.043631246 | C120: =VLOOKUP(A120,Sheet1!A:B,2,0) -> Food | E120: Grand Total | F120: =SUM(F108:F119) -> 1.956132 | H120: Apparel | I120: 0.052599008
A121: Recreation and amusement | B121: 0.040965618 | C121: =VLOOKUP(A121,Sheet1!A:B,2,0) -> Recreation and amusement | H121: Grand Total | I121: 1.956132
A122: Miscellaneous | B122: 0.040905771 | C122: =VLOOKUP(A122,Sheet1!A:B,2,0) -> Misc
A123: Education | B123: 0.036617843 | C123: =VLOOKUP(A123,Sheet1!A:B,2,0) -> Education
A124: Health | B124: 0.036526533 | C124: =VLOOKUP(A124,Sheet1!A:B,2,0) -> Health | H124: Category | I124: Inflation rate | J124: New Category mapped
A125: Housing | B125: 0.034529452 | C125: =VLOOKUP(A125,Sheet1!A:B,2,0) -> Housing | H125: Vegetables | I125: 0.65270373 | J125: Food
A126: Pan, tobacco and intoxicants | B126: 0.03247549 | C126: =VLOOKUP(A126,Sheet1!A:B,2,0) -> Luxury | H126: Pulses and products | I126: 0.14962594 | J126: Food
A127: Oils and fats | B127: 0.032019704 | C127: =VLOOKUP(A127,Sheet1!A:B,2,0) -> Food | H127: Food and beverages | I127: 0.12809316 | J127: Food
A128: Fuel and light | B128: 0.030107527 | C128: =VLOOKUP(A128,Sheet1!A:B,2,0) -> Fuel and light | H128: Meat and fish | I128: 0.089828269 | J128: Food
A129: Prepared meals, snacks, sweets etc. | B129: 0.021992238 | C129: =VLOOKUP(A129,Sheet1!A:B,2,0) -> Food | H129: Egg | I129: 0.077746077 | J129: Food
A130: Non-alcoholic beverages | B130: 0.018754689 | C130: =VLOOKUP(A130,Sheet1!A:B,2,0) -> Luxury | H130: Fruits | I130: 0.076070901 | J130: Food
A131: Clothing | B131: 0.018292683 | C131: =VLOOKUP(A131,Sheet1!A:B,2,0) -> Apparel | H131: Spices | I131: 0.066714491 | J131: Food
A132: Clothing and footwear | B132: 0.017759563 | C132: =VLOOKUP(A132,Sheet1!A:B,2,0) -> Apparel | H132: Cereals and products | I132: 0.046681255 | J132: Food
A133: Footwear | B133: 0.016546763 | C133: =VLOOKUP(A133,Sheet1!A:B,2,0) -> Apparel | H133: Sugar and Confectionery | I133: 0.044912924 | J133: Food
A134: Household goods and services | B134: 0.015320334 | C134: =VLOOKUP(A134,Sheet1!A:B,2,0) -> Housing | H134: Milk and products | I134: 0.043631246 | J134: Food
H135: Oils and fats | I135: 0.032019704 | J135: Food
H136: Prepared meals, snacks, sweets etc. | I136: 0.021992238 | J136: Food

Sheet Problem.3
A1: Sector | B1: Year | C1: Month | D1: Cereals and products | E1: Meat and fish | F1: Egg | G1: Milk and products | H1: Oils and fats | I1: Fruits | J1: Vegetables | K1: Pulses and products | L1: Sugar and Confectionery | M1: Spices | N1: Prepared meals, snacks, sweets etc. | O1: Food and beverages | P1: MoM% | R1: Sector | S1: Year | T1: Month | U1: MoM% | X1: Month | Y1: Rural | Z1: Urban | AA1: Rural + Urban
A2: Rural | B2: 2022 | C2: May | D2: 152.9 | E2: 214.7 | F2: 161.4 | G2: 164.6 | H2: 209.9 | I2: 168 | J2: 160.4 | K2: 165 | L2: 118.9 | M2: 186.6 | N2: 180.4 | O2: 170.8 | R2: Rural | S2: 2022 | T2: October | U2: 0.010826211 | X2: January | Y2: 0.003440367 | Z2: 0.0050391937 | AA2: 0.0045480387
A3: Rural | B3: 2022 | C3: June | D3: 153.8 | E3: 217.2 | F3: 169.6 | G3: 165.4 | H3: 208.1 | I3: 165.8 | J3: 167.3 | K3: 164.6 | L3: 119.1 | M3: 188.9 | N3: 181.9 | O3: 172.4 | P3: =(O3-O2)/O2 -> 0.0093676815 | R3: Rural | S3: 2022 | T3: June | U3: 0.0093676815 | X3: February | Y3: -0.0011428571 | Z3: 0.0066852368 | AA3: 0.0016977929
A4: Rural | B4: 2022 | C4: July | D4: 155.2 | E4: 210.8 | F4: 174.3 | G4: 166.3 | H4: 202.2 | I4: 169.6 | J4: 168.6 | K4: 164.4 | L4: 119.2 | M4: 191.8 | N4: 183.1 | O4: 172.5 | P4: =(O4-O3)/O3 -> 0.0005800464 | R4: Rural | S4: 2022 | T4: September | U4: 0.0092006901 | X4: March | Y4: 0 | Z4: 0.00055340343 | AA4: 0
A5: Rural | B5: 2022 | C5: August | D5: 159.5 | E5: 204.1 | F5: 168.3 | G5: 167.9 | H5: 198.1 | I5: 169.2 | J5: 173.1 | K5: 167.1 | L5: 120.2 | M5: 195.6 | N5: 184 | O5: 173.9 | P5: =(O5-O4)/O4 -> 0.008115942 | R5: Rural | S5: 2022 | T5: August | U5: 0.008115942 | X5: April | Y5: 0.0040045767 | Z5: 0.0071902655 | AA5: 0.0050847458
A6: Rural | B6: 2022 | C6: September | D6: 162.9 | E6: 206.7 | F6: 169 | G6: 169.5 | H6: 194.1 | I6: 164.1 | J6: 176.9 | K6: 169 | L6: 120.8 | M6: 199.1 | N6: 184.8 | O6: 175.5 | P6: =(O6-O5)/O5 -> 0.0092006901 | R6: Rural | S6: 2023 | T6: May | U6: 0.0074074074 | X6: May | Y6: 0.0074074074 | Z6: 0.0054914882 | AA6: 0.0067453626
A7: Rural | B7: 2022 | C7: October | D7: 164.7 | E7: 208.8 | F7: 170.3 | G7: 170.9 | H7: 191.6 | I7: 162.2 | J7: 184.8 | K7: 169.7 | L7: 121.1 | M7: 201.6 | N7: 185.6 | O7: 177.4 | P7: =(O7-O6)/O6 -> 0.010826211 | R7: Rural | S7: 2023 | T7: April | U7: 0.0040045767 | X7: June | Y7: 0.0093676815 | Z7: 0.010140845 | AA7: 0.0092325447
A8: Rural | B8: 2022 | C8: November | D8: 166.9 | E8: 207.2 | F8: 180.2 | G8: 172.3 | H8: 194 | I8: 159.1 | J8: 171.6 | K8: 170.2 | L8: 121.5 | M8: 204.8 | N8: 186.9 | O8: 176.6 | P8: =(O8-O7)/O7 -> -0.0045095829 | R8: Rural | S8: 2023 | T8: January | U8: 0.003440367 | X8: July | Y8: 0.0005800464 | Z8: 0.00055772448 | AA8: 0.00057175529
A9: Rural | B9: 2022 | C9: December | D9: 168.8 | E9: 206.9 | F9: 189.1 | G9: 173.4 | H9: 193.9 | I9: 156.7 | J9: 150.2 | K9: 170.5 | L9: 121.2 | M9: 207.5 | N9: 187.7 | O9: 174.4 | P9: =(O9-O8)/O8 -> -0.012457531 | R9: Rural | S9: 2022 | T9: July | U9: 0.0005800464 | X9: August | Y9: 0.008115942 | Z9: 0.005574136 | AA9: 0.0074285714
A10: Rural | B10: 2023 | C10: January | D10: 174 | E10: 208.3 | F10: 192.9 | G10: 174.3 | H10: 192.6 | I10: 156.3 | J10: 142.9 | K10: 170.7 | L10: 120.3 | M10: 210.5 | N10: 188.5 | O10: 175 | P10: =(O10-O9)/O9 -> 0.003440367 | R10: Rural | S10: 2023 | T10: March | U10: 0 | X10: September | Y10: 0.0092006901 | Z10: 0.0077605322 | AA10: 0.0085082246
A11: Rural | B11: 2023 | C11: February | D11: 174.2 | E11: 205.2 | F11: 173.9 | G11: 177 | H11: 183.4 | I11: 167.2 | J11: 140.9 | K11: 170.4 | L11: 119.1 | M11: 212.1 | N11: 189.9 | O11: 174.8 | P11: =(O11-O10)/O10 -> -0.0011428571 | R11: Rural | S11: 2023 | T11: February | U11: -0.0011428571 | X11: October | Y11: 0.010826211 | Z11: 0.0082508251 | AA11: 0.010123735
A12: Rural | B12: 2023 | C12: March | D12: 174.3 | E12: 205.2 | F12: 173.9 | G12: 177 | H12: 183.3 | I12: 167.2 | J12: 140.9 | K12: 170.5 | L12: 119.1 | M12: 212.1 | N12: 189.9 | O12: 174.8 | P12: =(O12-O11)/O11 -> 0 | R12: Rural | S12: 2022 | T12: November | U12: -0.0045095829 | X12: November | Y12: -0.0045095829 | Z12: -0.010911075 | AA12: -0.0072383073
A13: Rural | B13: 2023 | C13: April | D13: 173.3 | E13: 206.9 | F13: 167.9 | G13: 178.2 | H13: 178.5 | I13: 173.7 | J13: 142.8 | K13: 172.8 | L13: 120.4 | M13: 215.5 | N13: 190.5 | O13: 175.5 | P13: =(O13-O12)/O12 -> 0.0040045767 | R13: Rural | S13: 2022 | T13: December | U13: -0.012457531 | X13: December | Y13: -0.012457531 | Z13: -0.014892443 | AA13: -0.01346046
A14: Rural | B14: 2023 | C14: May | D14: 173.2 | E14: 211.5 | F14: 171 | G14: 179.6 | H14: 173.3 | I14: 169 | J14: 148.7 | K14: 174.9 | L14: 121.9 | M14: 221 | N14: 191.1 | O14: 176.8 | P14: =(O14-O13)/O13 -> 0.0074074074
D15: =(D14-D3)/D3 -> 0.12613784 | E15: =(E14-E3)/E3 -> -0.026243094 | F15: =(F14-F3)/F3 -> 0.008254717 | G15: =(G14-G3)/G3 -> 0.085852479 | H15: =(H14-H3)/H3 -> -0.16722729 | I15: =(I14-I3)/I3 -> 0.019300362 | J15: =(J14-J3)/J3 -> -0.11117753 | K15: =(K14-K3)/K3 -> 0.062575942 | ... P15: =(P14-P3)/P3 -> -0.20925926
A18: Sector | B18: Year | C18: Month | D18: Cereals and products | E18: Meat and fish | F18: Egg | G18: Milk and products | H18: Oils and fats | I18: Fruits | J18: Vegetables | K18: Pulses and products | L18: Sugar and Confectionery | M18: Spices | N18: Prepared meals, snacks, sweets etc. | O18: Food and beverages | P18: MoM% | R18: Sector | S18: Year | T18: Month | U18: MoM% | X18: Category | Y18: Rural | Z18: Urban | AA18: Rural + Urban
A19: Urban | B19: 2022 | C19: May | D19: 156.7 | E19: 221.2 | F19: 164.1 | G19: 165.4 | H19: 189.5 | I19: 174.5 | J19: 203.2 | K19: 164.1 | L19: 121.2 | M19: 181.4 | N19: 184.9 | O19: 177.5 | R19: Urban | S19: 2022 | T19: June | U19: 0.010140845 | X19: Cereals and products | Y19: 0.12613784 | Z19: 0.10920635 | AA19: 0.12064516
A20: Urban | B20: 2022 | C20: June | D20: 157.5 | E20: 223.4 | F20: 172.8 | G20: 166.4 | H20: 188.6 | I20: 174.1 | J20: 211.5 | K20: 163.6 | L20: 121.4 | M20: 183.5 | N20: 186.3 | O20: 179.3 | P20: =(O20-O19)/O19 -> 0.010140845 | R20: Urban | S20: 2022 | T20: October | U20: 0.0082508251 | X20: Meat and fish | Y20: -0.026243094 | Z20: -0.017905103 | AA20: -0.023245214
A21: Urban | B21: 2022 | C21: July | D21: 159.3 | E21: 217.1 | F21: 176.6 | G21: 167.1 | H21: 184.8 | I21: 179.5 | J21: 208.5 | K21: 164 | L21: 121.5 | M21: 186.3 | N21: 187.7 | O21: 179.4 | P21: =(O21-O20)/O20 -> 0.00055772448 | R21: Urban | S21: 2022 | T21: September | U21: 0.0077605322 | X21: Egg | Y21: 0.008254717 | Z21: 0.022569444 | AA21: 0.014051522
A22: Urban | B22: 2022 | C22: August | D22: 162.1 | E22: 210.9 | F22: 170.6 | G22: 168.4 | H22: 182.5 | I22: 177.1 | J22: 213.1 | K22: 167.3 | L22: 122.2 | M22: 189.7 | N22: 188.9 | O22: 180.4 | P22: =(O22-O21)/O21 -> 0.005574136 | R22: Urban | S22: 2023 | T22: April | U22: 0.0071902655 | X22: Milk and products | Y22: 0.085852479 | Z22: 0.078125 | AA22: 0.082629674
A23: Urban | B23: 2022 | C23: September | D23: 164.9 | E23: 213.7 | F23: 170.9 | G23: 170.1 | H23: 179.3 | I23: 167.5 | J23: 220.8 | K23: 169.2 | L23: 123.1 | M23: 193.6 | N23: 190.4 | O23: 181.8 | P23: =(O23-O22)/O22 -> 0.0077605322 | R23: Urban | S23: 2023 | T23: February | U23: 0.0066852368 | X23: Oils and fats | Y23: -0.16722729 | Z23: -0.12831389 | AA23: -0.15380786
A24: Urban | B24: 2022 | C24: October | D24: 166.4 | E24: 214.9 | F24: 171.9 | G24: 171 | H24: 177.7 | I24: 165.7 | J24: 228.6 | K24: 169.9 | L24: 123.4 | M24: 196.4 | N24: 191.5 | O24: 183.3 | P24: =(O24-O23)/O23 -> 0.0082508251 | R24: Urban | S24: 2022 | T24: August | U24: 0.005574136 | X24: Fruits | Y24: 0.019300362 | Z24: 0.0097645032 | AA24: 0.01473188
A25: Urban | B25: 2022 | C25: November | D25: 168.4 | E25: 213.4 | F25: 183.2 | G25: 172.3 | H25: 180 | I25: 162.6 | J25: 205.5 | K25: 171 | L25: 123.4 | M25: 198.8 | N25: 192.4 | O25: 181.3 | P25: =(O25-O24)/O24 -> -0.010911075 | R25: Urban | S25: 2023 | T25: May | U25: 0.0054914882 | X25: Vegetables | Y25: -0.11117753 | Z25: -0.12529551 | AA25: -0.11684037
A26: Urban | B26: 2022 | C26: December | D26: 170.2 | E26: 212.9 | F26: 191.9 | G26: 173.9 | H26: 179.1 | I26: 159.5 | J26: 178.7 | K26: 171.3 | L26: 123.1 | M26: 200.5 | N26: 193.3 | O26: 178.6 | P26: =(O26-O25)/O25 -> -0.014892443 | R26: Urban | S26: 2023 | T26: January | U26: 0.0050391937 | X26: Pulses and products | Y26: 0.062575942 | Z26: 0.081295844 | AA26: 0.068776628
A27: Urban | B27: 2023 | C27: January | D27: 173.3 | E27: 215.2 | F27: 197 | G27: 175.2 | H27: 178 | I27: 160.5 | J27: 175.3 | K27: 171.2 | L27: 122.7 | M27: 204.3 | N27: 194.3 | O27: 179.5 | P27: =(O27-O26)/O26 -> 0.0050391937 | R27: Urban | S27: 2022 | T27: July | U27: 0.00055772448 | X27: Sugar and Confectionery | Y27: 0.023509656 | Z27: 0.02306425 | AA27: 0.023352794
A28: Urban | B28: 2023 | C28: February | D28: 174.7 | E28: 212.2 | F28: 177.2 | G28: 177.9 | H28: 172.2 | I28: 172.1 | J28: 175.8 | K28: 172.2 | L28: 121.9 | M28: 204.8 | N28: 196.6 | O28: 180.7 | P28: =(O28-O27)/O27 -> 0.0066852368 | R28: Urban | S28: 2023 | T28: March | U28: 0.00055340343 | X28: Spices | Y28: 0.16993118 | Z28: 0.15476839 | AA28: 0.16515232
A29: Urban | B29: 2023 | C29: March | D29: 174.7 | E29: 212.2 | F29: 177.2 | G29: 177.9 | H29: 172.2 | I29: 172.1 | J29: 175.9 | K29: 172.2 | L29: 121.9 | M29: 204.8 | N29: 196.6 | O29: 180.8 | P29: =(O29-O28)/O28 -> 0.00055340343 | R29: Urban | S29: 2022 | T29: November | U29: -0.010911075 | X29: Prepared meals, snacks, sweets etc. | Y29: 0.05057724 | Z29: 0.061191626 | AA29: 0.0560087
A30: Urban | B30: 2023 | C30: April | D30: 174.8 | E30: 213.7 | F30: 172.4 | G30: 178.8 | H30: 168.7 | I30: 179.2 | J30: 179.9 | K30: 174.7 | L30: 123.1 | M30: 207.8 | N30: 197 | O30: 182.1 | P30: =(O30-O29)/O29 -> 0.0071902655 | R30: Urban | S30: 2022 | T30: December | U30: -0.014892443 | X30: Food and beverages | Y30: 0.025522042 | Z30: 0.02119353 | AA30: 0.024013722
A31: Urban | B31: 2023 | C31: May | D31: 174.7 | E31: 219.4 | F31: 176.7 | G31: 179.4 | H31: 164.4 | I31: 175.8 | J31: 185 | K31: 176.9 | L31: 124.2 | M31: 211.9 | N31: 197.7 | O31: 183.1 | P31: =(O31-O30)/O30 -> 0.0054914882
D32: =(D31-D20)/D20 -> 0.10920635 | E32: =(E31-E20)/E20 -> -0.017905103 | F32: =(F31-F20)/F20 -> 0.022569444 | G32: =(G31-G20)/G20 -> 0.078125 | H32: =(H31-H20)/H20 -> -0.12831389 | I32: =(I31-I20)/I20 -> 0.0097645032 | J32: =(J31-J20)/J20 -> -0.12529551 | K32: =(K31-K20)/K20 -> 0.081295844 | ... P32: =(P31-P20)/P20 -> -0.45847825
A34: Sector | B34: Year | C34: Month | D34: Cereals and products | E34: Meat and fish | F34: Egg | G34: Milk and products | H34: Oils and fats | I34: Fruits | J34: Vegetables | K34: Pulses and products | L34: Sugar and Confectionery | M34: Spices | N34: Prepared meals, snacks, sweets etc. | O34: Food and beverages | P34: MoM% | R34: Sector | S34: Year | T34: Month | U34: MoM%
A35: Rural+Urban | B35: 2022 | C35: May | D35: 154.1 | E35: 217 | F35: 162.4 | G35: 164.9 | H35: 202.4 | I35: 171 | J35: 174.9 | K35: 164.7 | L35: 119.7 | M35: 184.9 | N35: 182.5 | O35: 173.3 | R35: Rural+Urban | S35: 2022 | T35: October | U35: 0.010123735
A36: Rural+Urban | B36: 2022 | C36: June | D36: 155 | E36: 219.4 | F36: 170.8 | G36: 165.8 | H36: 200.9 | I36: 169.7 | J36: 182.3 | K36: 164.3 | L36: 119.9 | M36: 187.1 | N36: 183.9 | O36: 174.9 | P36: =(O36-O35)/O35 -> 0.0092325447 | R36: Rural+Urban | S36: 2022 | T36: June | U36: 0.0092325447
A37: Rural+Urban | B37: 2022 | C37: July | D37: 156.5 | E37: 213 | F37: 175.2 | G37: 166.6 | H37: 195.8 | I37: 174.2 | J37: 182.1 | K37: 164.3 | L37: 120 | M37: 190 | N37: 185.2 | O37: 175 | P37: =(O37-O36)/O36 -> 0.00057175529 | R37: Rural+Urban | S37: 2022 | T37: September | U37: 0.0085082246
A38: Rural+Urban | B38: 2022 | C38: August | D38: 160.3 | E38: 206.5 | F38: 169.2 | G38: 168.1 | H38: 192.4 | I38: 172.9 | J38: 186.7 | K38: 167.2 | L38: 120.9 | M38: 193.6 | N38: 186.3 | O38: 176.3 | P38: =(O38-O37)/O37 -> 0.0074285714 | R38: Rural+Urban | S38: 2022 | T38: August | U38: 0.0074285714
A39: Rural+Urban | B39: 2022 | C39: September | D39: 163.5 | E39: 209.2 | F39: 169.7 | G39: 169.7 | H39: 188.7 | I39: 165.7 | J39: 191.8 | K39: 169.1 | L39: 121.6 | M39: 197.3 | N39: 187.4 | O39: 177.8 | P39: =(O39-O38)/O38 -> 0.0085082246 | R39: Rural+Urban | S39: 2023 | T39: May | U39: 0.0067453626
A40: Rural+Urban | B40: 2022 | C40: October | D40: 165.2 | E40: 210.9 | F40: 170.9 | G40: 170.9 | H40: 186.5 | I40: 163.8 | J40: 199.7 | K40: 169.8 | L40: 121.9 | M40: 199.9 | N40: 188.3 | O40: 179.6 | P40: =(O40-O39)/O39 -> 0.010123735 | R40: Rural+Urban | S40: 2023 | T40: April | U40: 0.0050847458
A41: Rural+Urban | B41: 2022 | C41: November | D41: 167.4 | E41: 209.4 | F41: 181.4 | G41: 172.3 | H41: 188.9 | I41: 160.7 | J41: 183.1 | K41: 170.5 | L41: 122.1 | M41: 202.8 | N41: 189.5 | O41: 178.3 | P41: =(O41-O40)/O40 -> -0.0072383073 | R41: Rural+Urban | S41: 2023 | T41: January | U41: 0.0045480387
A42: Rural+Urban | B42: 2022 | C42: December | D42: 169.2 | E42: 209 | F42: 190.2 | G42: 173.6 | H42: 188.5 | I42: 158 | J42: 159.9 | K42: 170.8 | L42: 121.8 | M42: 205.2 | N42: 190.3 | O42: 175.9 | P42: =(O42-O41)/O41 -> -0.01346046 | R42: Rural+Urban | S42: 2023 | T42: February | U42: 0.0016977929
A43: Rural+Urban | B43: 2023 | C43: January | D43: 173.8 | E43: 210.7 | F43: 194.5 | G43: 174.6 | H43: 187.2 | I43: 158.3 | J43: 153.9 | K43: 170.9 | L43: 121.1 | M43: 208.4 | N43: 191.2 | O43: 176.7 | P43: =(O43-O42)/O42 -> 0.0045480387 | R43: Rural+Urban | S43: 2022 | T43: July | U43: 0.00057175529
A44: Rural+Urban | B44: 2023 | C44: February | D44: 174.4 | E44: 207.7 | F44: 175.2 | G44: 177.3 | H44: 179.3 | I44: 169.5 | J44: 152.7 | K44: 171 | L44: 120 | M44: 209.7 | N44: 193 | O44: 177 | P44: =(O44-O43)/O43 -> 0.0016977929 | R44: Rural+Urban | S44: 2023 | T44: March | U44: 0
A45: Rural+Urban | B45: 2023 | C45: March | D45: 174.4 | E45: 207.7 | F45: 175.2 | G45: 177.3 | H45: 179.2 | I45: 169.5 | J45: 152.8 | K45: 171.1 | L45: 120 | M45: 209.7 | N45: 193 | O45: 177 | P45: =(O45-O44)/O44 -> 0 | R45: Rural+Urban | S45: 2022 | T45: November | U45: -0.0072383073
A46: Rural+Urban | B46: 2023 | C46: April | D46: 173.8 | E46: 209.3 | F46: 169.6 | G46: 178.4 | H46: 174.9 | I46: 176.3 | J46: 155.4 | K46: 173.4 | L46: 121.3 | M46: 212.9 | N46: 193.5 | O46: 177.9 | P46: =(O46-O45)/O45 -> 0.0050847458 | R46: Rural+Urban | S46: 2022 | T46: December | U46: -0.01346046
A47: Rural+Urban | B47: 2023 | C47: May | D47: 173.7 | E47: 214.3 | F47: 173.2 | G47: 179.5 | H47: 170 | I47: 172.2 | J47: 161 | K47: 175.6 | L47: 122.7 | M47: 218 | N47: 194.2 | O47: 179.1 | P47: =(O47-O46)/O46 -> 0.0067453626
D48: =(D47-D36)/D36 -> 0.12064516 | E48: =(E47-E36)/E36 -> -0.023245214 | F48: =(F47-F36)/F36 -> 0.014051522 | G48: =(G47-G36)/G36 -> 0.082629674 | H48: =(H47-H36)/H36 -> -0.15380786 | I48: =(I47-I36)/I36 -> 0.01473188 | J48: =(J47-J36)/J36 -> -0.11684037 | K48: =(K47-K36)/K36 -> 0.068776628 | ... P48: =(P47-P36)/P36 -> -0.26939292

Sheet Problem.4
A1: Sector | B1: Year | C1: Month | D1: Food | E1: Health | F1: Essentital Services
A2: Rural | B2: 2017 | C2: January | D2: 1608.3 | E2: 129.9 | F2: 519
A3: Urban | B3: 2017 | C3: January | D3: 1590 | E3: 122.6 | F3: 620.3 | H3: Sector | I3: Year | J3: Average of Food | K3: Average of Health | L3: Average of Essentital Services | N3: Sector | O3: Category | P3: 2018 | Q3: 2019 | R3: 2020 | S3: 2021 | T3: 2022
A4: Rural+Urban | B4: 2017 | C4: January | D4: 1600.7 | E4: 127.1 | F4: 636.1 | H4: Rural | I4: 2017 | J4: 1633.075 | K4: 132.40833 | L4: 530.45 | N4: Rural | O4: Food | P4: 0.01492583 | Q4: 0.019084629 | R4: -0.020345463 | S4: 0.17426448 | T4: 0.059514773
A5: Rural | B5: 2017 | C5: February | D5: 1605.1 | E5: 130.1 | F5: 521.2 | I5: 2018 | J5: 1657.45 | K5: 140.125 | L5: 562.61667 | N5: Rural | O5: Health | P5: 0.058279313 | Q5: 0.086043305 | R5: 0.03864994 | S5: 0.069611395 | T5: 0.056930205
A6: Urban | B6: 2017 | C6: February | D6: 1581.9 | E6: 122.9 | F6: 622.9 | I6: 2019 | J6: 1689.0818 | K6: 152.18182 | L6: 586.77273 | N6: Rural | O6: Essentital Services | P6: 0.060640337 | Q6: 0.042935203 | R6: -0.12135203 | S6: 0.24376091 | T6: 0.069214675
A7: Rural+Urban | B7: 2017 | C7: February | D7: 1595.4 | E7: 127.4 | F7: 638.9 | I7: 2020 | J7: 1654.7167 | K7: 158.06364 | L7: 515.56667 | N7: Rural+Urban | O7: Food | P7: 0.0099840604 | Q7: 0.034342737 | R7: -0.018194615 | S7: 0.1754215 | T7: 0.05879102
A8: Rural | B8: 2017 | C8: March | D8: 1598.7 | E8: 130.6 | F8: 523.3 | I8: 2021 | J8: 1943.075 | K8: 169.06667 | L8: 641.24167 | N8: Rural+Urban | O8: Health | P8: 0.062077839 | Q8: 0.074588404 | R8: 0.043534403 | S8: 0.074926836 | T8: 0.060800965
A9: Urban | B9: 2017 | C9: March | D9: 1582.1 | E9: 123.1 | F9: 625.9 | I9: 2022 | J9: 2058.7167 | K9: 178.69167 | L9: 685.625 | N9: Rural+Urban | O9: Essentital Services | P9: 0.061327413 | Q9: 0.036261411 | R9: -0.10041538 | S9: 0.22710057 | T9: 0.066496137
A10: Rural+Urban | B10: 2017 | C10: March | D10: 1591.7 | E10: 127.8 | F10: 641.7 | H10: Rural+Urban | I10: 2017 | J10: 1625.925 | K10: 129.54167 | L10: 649.38333 | N10: Urban | O10: Food | P10: 0.00011339271 | Q10: 0.061066764 | R10: -0.014868684 | S10: 0.17704831 | T10: 0.057963608
A11: Rural | B11: 2017 | C11: April | D11: 1596.3 | E11: 131 | F11: 524.2 | I11: 2018 | J11: 1642.1583 | K11: 137.58333 | L11: 689.20833 | N11: Urban | O11: Health | P11: 0.067605446 | Q11: 0.05578887 | R11: 0.052060457 | S11: 0.083870539 | T11: 0.068227842
A12: Urban | B12: 2017 | C12: April | D12: 1584.3 | E12: 123.4 | F12: 627 | I12: 2019 | J12: 1698.5545 | K12: 147.84545 | L12: 714.2 | N12: Urban | O12: Essentital Services | P12: 0.057976371 | Q12: 0.02993023 | R12: -0.09069894 | S12: 0.23769301 | T12: 0.070290635
A13: Rural+Urban | B13: 2017 | C13: April | D13: 1591 | E13: 128.1 | F13: 643 | I13: 2020 | J13: 1667.65 | K13: 154.28182 | L13: 642.48333
A14: Rural | B14: 2017 | C14: May | D14: 1597.2 | E14: 131.4 | F14: 525.6 | I14: 2021 | J14: 1960.1917 | K14: 165.84167 | L14: 788.39167
A15: Urban | B15: 2017 | C15: May | D15: 1585.8 | E15: 123.6 | F15: 626.8 | I15: 2022 | J15: 2075.4333 | K15: 175.925 | L15: 840.81667
A16: Rural+Urban | B16: 2017 | C16: May | D16: 1592 | E16: 128.4 | F16: 643.9 | H16: Urban | I16: 2017 | J16: 1616.8 | K16: 124.86667 | L16: 631.29167
A17: Rural | B17: 2017 | C17: June | D17: 1608.4 | E17: 131.3 | F17: 526.3 | I17: 2018 | J17: 1616.9833 | K17: 133.30833 | L17: 667.89167
A18: Urban | B18: 2017 | C18: June | D18: 1606.8 | E18: 123.8 | F18: 625.4 | I18: 2019 | J18: 1715.7273 | K18: 140.74545 | L18: 687.88182
A19: Rural+Urban | B19: 2017 | C19: June | D19: 1606.9 | E19: 128.5 | F19: 643.3 | I19: 2020 | J19: 1690.2167 | K19: 148.07273 | L19: 625.49167
A20: Rural | B20: 2017 | C20: July | D20: 1641.5 | E20: 132.1 | F20: 529.1 | I20: 2021 | J20: 1989.4667 | K20: 160.49167 | L20: 774.16667
A21: Urban | B21: 2017 | C21: July | D21: 1643.7 | E21: 125 | F21: 628.2 | I21: 2022 | J21: 2104.7833 | K21: 171.44167 | L21: 828.58333
A22: Rural+Urban | B22: 2017 | C22: July | D22: 1640.9 | E22: 129.4 | F22: 646.7 | H22: Grand Total | J22: 1781.1113 | K22: 151.16476 | L22: 670.21549
A23: Rural | B23: 2017 | C23: August | D23: 1660.9 | E23: 133 | F23: 534.2
A24: Urban | B24: 2017 | C24: August | D24: 1648.4 | E24: 125.7 | F24: 631.3
A25: Rural+Urban | B25: 2017 | C25: August | D25: 1655.1 | E25: 130.2 | F25: 651.9
A26: Rural | B26: 2017 | C26: September | D26: 1652.6 | E26: 133.4 | F26: 536.1 | H26: Sector | I26: Year | J26: Average of Food | K26: Average of Health | L26: Average of Essentital Services | M26: Inflation of Food | N26: Inflation of Health | O26: Inflation of Essentital Services
A27: Urban | B27: 2017 | C27: September | D27: 1624.9 | E27: 126.1 | F27: 636 | H27: Rural | I27: 2017 | J27: 1633.075 | K27: 132.40833 | L27: 530.45
A28: Rural+Urban | B28: 2017 | C28: September | D28: 1641.2 | E28: 130.6 | F28: 655.7 | I28: 2018 | J28: 1657.45 | K28: 140.125 | L28: 562.61667 | M28: =(J28-J27)/J27 -> 0.01492583 | N28: =(K28-K27)/K27 -> 0.058279313 | O28: =(L28-L27)/L27 -> 0.060640337
A29: Rural | B29: 2017 | C29: October | D29: 1659.6 | E29: 134.2 | F29: 537.6 | I29: 2019 | J29: 1689.0818 | K29: 152.18182 | L29: 586.77273 | M29: =(J29-J28)/J28 -> 0.019084629 | N29: =(K29-K28)/K28 -> 0.086043305 | O29: =(L29-L28)/L28 -> 0.042935203
A30: Urban | B30: 2017 | C30: October | D30: 1640.6 | E30: 126.6 | F30: 639.5 | I30: 2020 | J30: 1654.7167 | K30: 158.06364 | L30: 515.56667 | M30: =(J30-J29)/J29 -> -0.020345463 | N30: =(K30-K29)/K29 -> 0.03864994 | O30: =(L30-L29)/L29 -> -0.12135203
A31: Rural+Urban | B31: 2017 | C31: October | D31: 1651 | E31: 131.3 | F31: 658.8 | I31: 2021 | J31: 1943.075 | K31: 169.06667 | L31: 641.24167 | M31: =(J31-J30)/J30 -> 0.17426448 | N31: =(K31-K30)/K30 -> 0.069611395 | O31: =(L31-L30)/L30 -> 0.24376091
A32: Rural | B32: 2017 | C32: November | D32: 1685.8 | E32: 135.8 | F32: 543.6 | I32: 2022 | J32: 2058.7167 | K32: 178.69167 | L32: 685.625 | M32: =(J32-J31)/J31 -> 0.059514773 | N32: =(K32-K31)/K31 -> 0.056930205 | O32: =(L32-L31)/L31 -> 0.069214675
A33: Urban | B33: 2017 | C33: November | D33: 1671.3 | E33: 127.4 | F33: 645 | H33: Rural+Urban | I33: 2017 | J33: 1625.925 | K33: 129.54167 | L33: 649.38333
A34: Rural+Urban | B34: 2017 | C34: November | D34: 1679 | E34: 132.6 | F34: 665.2 | I34: 2018 | J34: 1642.1583 | K34: 137.58333 | L34: 689.20833 | M34: =(J34-J33)/J33 -> 0.0099840604 | N34: =(K34-K33)/K33 -> 0.062077839 | O34: =(L34-L33)/L33 -> 0.061327413
A35: Rural | B35: 2017 | C35: December | D35: 1682.5 | E35: 136.1 | F35: 545.2 | I35: 2019 | J35: 1698.5545 | K35: 147.84545 | L35: 714.2 | M35: =(J35-J34)/J34 -> 0.034342737 | N35: =(K35-K34)/K34 -> 0.074588404 | O35: =(L35-L34)/L34 -> 0.036261411
A36: Urban | B36: 2017 | C36: December | D36: 1641.8 | E36: 128.2 | F36: 647.2 | I36: 2020 | J36: 1667.65 | K36: 154.28182 | L36: 642.48333 | M36: =(J36-J35)/J35 -> -0.018194615 | N36: =(K36-K35)/K35 -> 0.043534403 | O36: =(L36-L35)/L35 -> -0.10041538
A37: Rural+Urban | B37: 2017 | C37: December | D37: 1666.2 | E37: 133.1 | F37: 667.4 | I37: 2021 | J37: 1960.1917 | K37: 165.84167 | L37: 788.39167 | M37: =(J37-J36)/J36 -> 0.1754215 | N37: =(K37-K36)/K36 -> 0.074926836 | O37: =(L37-L36)/L36 -> 0.22710057
A38: Rural | B38: 2018 | C38: January | D38: 1669.5 | E38: 136 | F38: 546.4 | I38: 2022 | J38: 2075.4333 | K38: 175.925 | L38: 840.81667 | M38: =(J38-J37)/J37 -> 0.05879102 | N38: =(K38-K37)/K37 -> 0.060800965 | O38: =(L38-L37)/L37 -> 0.066496137
A39: Urban | B39: 2018 | C39: January | D39: 1622.4 | E39: 129 | F39: 650.6 | H39: Urban | I39: 2017 | J39: 1616.8 | K39: 124.86667 | L39: 631.29167
A40: Rural+Urban | B40: 2018 | C40: January | D40: 1650.9 | E40: 133.3 | F40: 670.2 | I40: 2018 | J40: 1616.9833 | K40: 133.30833 | L40: 667.89167 | M40: =(J40-J39)/J39 -> 0.00011339271 | N40: =(K40-K39)/K39 -> 0.067605446 | O40: =(L40-L39)/L39 -> 0.057976371
A41: Rural | B41: 2018 | C41: February | D41: 1651 | E41: 136.2 | F41: 547.1 | I41: 2019 | J41: 1715.7273 | K41: 140.74545 | L41: 687.88182 | M41: =(J41-J40)/J40 -> 0.061066764 | N41: =(K41-K40)/K40 -> 0.05578887 | O41: =(L41-L40)/L40 -> 0.02993023
A42: Urban | B42: 2018 | C42: February | D42: 1602 | E42: 129.8 | F42: 653.1 | I42: 2020 | J42: 1690.2167 | K42: 148.07273 | L42: 625.49167 | M42: =(J42-J41)/J41 -> -0.014868684 | N42: =(K42-K41)/K41 -> 0.052060457 | O42: =(L42-L41)/L41 -> -0.09069894
A43: Rural+Urban | B43: 2018 | C43: February | D43: 1631.8 | E43: 133.8 | F43: 672.4 | I43: 2021 | J43: 1989.4667 | K43: 160.49167 | L43: 774.16667 | M43: =(J43-J42)/J42 -> 0.17704831 | N43: =(K43-K42)/K42 -> 0.083870539 | O43: =(L43-L42)/L42 -> 0.23769301
A44: Rural | B44: 2018 | C44: March | D44: 1650.8 | E44: 136.7 | F44: 549.8 | I44: 2022 | J44: 2104.7833 | K44: 171.44167 | L44: 828.58333 | M44: =(J44-J43)/J43 -> 0.057963608 | N44: =(K44-K43)/K43 -> 0.068227842 | O44: =(L44-L43)/L43 -> 0.070290635
A45: Urban | B45: 2018 | C45: March | D45: 1589.3 | E45: 130.5 | F45: 654.8
A46: Rural+Urban | B46: 2018 | C46: March | D46: 1626.9 | E46: 134.3 | F46: 674.9
A47: Rural | B47: 2018 | C47: April | D47: 1648.1 | E47: 137.6 | F47: 553.7
A48: Urban | B48: 2018 | C48: April | D48: 1593.5 | E48: 131.3 | F48: 657.9
A49: Rural+Urban | B49: 2018 | C49: April | D49: 1627.5 | E49: 135.2 | F49: 679.3
A50: Rural | B50: 2018 | C50: May | D50: 1650.2 | E50: 138.4 | F50: 556.9
A51: Urban | B51: 2018 | C51: May | D51: 1596.3 | E51: 132 | F51: 660.6
A52: Rural+Urban | B52: 2018 | C52: May | D52: 1629.9 | E52: 136 | F52: 682.5
A53: Rural | B53: 2018 | C53: June | D53: 1657.5 | E53: 138.4 | F53: 559.8
A54: Urban | B54: 2018 | C54: June | D54: 1620.6 | E54: 132.6 | F54: 663.7
A55: Rural+Urban | B55: 2018 | C55: June | D55: 1643.8 | E55: 136.2 | F55: 685
A56: Rural | B56: 2018 | C56: July | D56: 1677.7 | E56: 139 | F56: 563.2
... A118: Rural+Urban | B118: 2020 | C118: April | D118: 1485.9 | E118: 150.7 | F118: 299.7
A119: Rural | B119: 2020 | C119: May | D119: 0 | E119: NA | F119: 0
A120: Urban | B120: 2020 | C120: May | D120: 0 | E120: NA | F120: 0
A121: Rural+Urban | B121: 2020 | C121: May | D121: 0 | E121: NA | F121: 0
A122: Rural | B122: 2020 | C122: June | D122: 1808.9 | E122: 158.2 | F122: 599.8
A123: Urban | B123: 2020 | C123: June | D123: 1859.4 | E123: 148.1 | F123: 714
A124: Rural+Urban | B124: 2020 | C124: June | D124: 1827.4 | E124: 154.4 | F124: 734.4
A125: Rural | B125: 2020 | C125: July | D125: 1808.9 | E125: 158.2 | F125: 599.8
A126: Urban | B126: 2020 | C126: July | D126: 1859.4 | E126: 148.1 | F126: 714
A127: Rural+Urban | B127: 2020 | C127: July | D127: 1827.4 | E127: 154.4 | F127: 734.4
A128: Rural | B128: 2020 | C128: August | D128: 1835.1 | E128: 158.8 | F128: 604
A129: Urban | B129: 2020 | C129: August | D129: 1888.4 | E129: 148.7 | F129: 727.7
A130: Rural+Urban | B130: 2020 | C130: August | D130: 1854.6 | E130: 155 | F130: 743.9
A131: Rural | B131: 2020 | C131: September | D131: 1842 | E131: 159.1 | F131: 603.7
A132: Urban | B132: 2020 | C132: September | D132: 1903.9 | E132: 150 | F132: 728.9
A133: Rural+Urban | B133: 2020 | C133: September | D133: 1864.8 | E133: 155.6 | F133: 745
... A214: Rural+Urban | B214: 2022 | C214: December | D214: 2112.4 | E214: 181.1 | F214: 862.3

Sheet Problem.5
A2: copy pasted data >> | B2: source: sheet4 | C2: Oil Prices (in $) | E2: December-2020 | F2: January-2021 | G2: February-2021 | H2: March-2021 | I2: April-2021 | J2: May-2021 | K2: June-2021 | L2: July-2021 | M2: August-2021 | N2: September-2021 | O2: October-2021 | P2: November-2021 | Q2: December-2021 | R2: January-2022 | S2: February-2022 | T2: March-2022 | U2: April-2022 | V2: May-2022 | W2: June-2022 | X2: July-2022 | Y2: August-2022 | Z2: September-2022 | AA2: October-2022 | AB2: November-2022 | AC2: December-2022 | AD2: January-2023 | AE2: February-2023 | AF2: March-2023
E3: 49.839817 | F3: 54.79457 | G3: 61.216117 | H3: 64.729497 | I3: 63.396977 | J3: 66.953085 | K3: 71.982647 | L3: 73.539061 | M3: 69.804724 | N3: 73.130738 | O3: 82.107394 | P3: 80.637301 | Q3: 73.298824 | R3: 84.666319 | S3: 94.067715 | T3: 112.87479 | U3: 102.966 | V3: 109.50504 | W3: 116.01139 | X3: 105.49125 | Y3: 97.404465 | Z3: 90.706345 | AA3: 91.698949 | AB3: 87.552266 | AC3: 78.100942 | AD3: 80.92227 | AE3: 82.278707 | AF3: 78.53948
A7: Category | B7: Sector | C7: New Category | D7: Correlation | E7: December-2020 | F7: January-2021 | G7: February-2021 | H7: March-2021 | I7: April-2021 | J7: May-2021 | K7: June-2021 | L7: July-2021 | M7: August-2021 | N7: September-2021 | O7: October-2021 | P7: November-2021 | Q7: December-2021 | R7: January-2022 | S7: February-2022 | T7: March-2022 | U7: April-2022 | V7: May-2022 | W7: June-2022 | X7: July-2022 | Y7: August-2022 | Z7: September-2022 | AA7: October-2022 | AB7: November-2022 | AC7: December-2022 | AD7: January-2023 | AE7: February-2023 | AF7: March-2023 | AI7: Category | AJ7: Rural | AK7: Rural+Urban | AL7: Urban
A8: Cereals and products | B8: Rural | C8: Food | D8: =CORREL($E$3:$AF$3,E8:AF8) -> 0.35015776 | E8: 144.6 | F8: 143.4 | G8: 142.8 | H8: 142.5 | I8: 142.7 | J8: 145.1 | K8: 145.6 | L8: 145.1 | M8: 144.9 | N8: 145.4 | O8: 146.1 | P8: 146.9 | Q8: 147.4 | R8: 148.3 | S8: 148.8 | T8: 150.2 | U8: 151.8 | V8: 152.9 | W8: 153.8 | X8: 155.2 | Y8: 159.5 | Z8: 162.9 | AA8: 164.7 | AB8: 166.9 | AC8: 168.8 | AD8: 174 | AE8: 174.2 | AF8: 174.3 | AI8: Oils and fats | AJ8: 0.84347645 | AK8: 0.84422773 | AL8: 0.85325827
A9: Meat and fish | B9: Rural | C9: Food | D9: =CORREL($E$3:$AF$3,E9:AF9) -> 0.83119536 | E9: 188.5 | F9: 187.5 | G9: 184 | H9: 189.4 | I9: 195.5 | J9: 198.5 | K9: 200.1 | L9: 204.5 | M9: 202.3 | N9: 202.1 | O9: 202.5 | P9: 199.8 | Q9: 197 | R9: 196.9 | S9: 198.1 | T9: 208 | U9: 209.7 | V9: 214.7 | W9: 217.2 | X9: 210.8 | Y9: 204.1 | Z9: 206.7 | AA9: 208.8 | AB9: 207.2 | AC9: 206.9 | AD9: 208.3 | AE9: 205.2 | AF9: 205.2 | AI9: Meat and fish | AJ9: 0.83119536 | AK9: 0.8359875 | AL9: 0.84330774
A10: Egg | B10: Rural | C10: Food | D10: =CORREL($E$3:$AF$3,E10:AF10) -> -0.17059784 | E10: 173.4 | F10: 173.4 | G10: 168 | H10: 163.2 | I10: 163.4 | J10: 168.6 | K10: 179.3 | L10: 180.4 | M10: 176.5 | N10: 172 | O10: 170.1 | P10: 171.5 | Q10: 176.5 | R10: 178 | S10: 175.5 | T10: 167.9 | U10: 164.5 | V10: 161.4 | W10: 169.6 | X10: 174.3 | Y10: 168.3 | Z10: 169 | AA10: 170.3 | AB10: 180.2 | AC10: 189.1 | AD10: 192.9 | AE10: 173.9 | AF10: 173.9 | AI10: Transport and communication | AJ10: 0.75422627 | AK10: 0.76576171 | AL10: 0.7751271
A11: Milk and products | B11: Rural | C11: Food | D11: =CORREL($E$3:$AF$3,E11:AF11) -> 0.49208178 | E11: 154 | F11: 154 | G11: 154.4 | H11: 154.5 | I11: 155 | J11: 155.8 | K11: 156.1 | L11: 157.1 | M11: 157.5 | N11: 158 | O11: 158.4 | P11: 159.1 | Q11: 159.8 | R11: 160.5 | S11: 160.7 | T11: 162 | U11: 163.8 | V11: 164.6 | W11: 165.4 | X11: 166.3 | Y11: 167.9 | Z11: 169.5 | AA11: 170.9 | AB11: 172.3 | AC11: 173.4 | AD11: 174.3 | AE11: 177 | AF11: 177 | AI11: Recreation and amusement | AJ11: 0.68906698 | AK11: 0.7078006 | AL11: 0.71873792
A12: Oils and fats | B12: Rural | C12: Food | D12: =CORREL($E$3:$AF$3,E12:AF12) -> 0.84347645 | E12: 150 | F12: 154.8 | G12: 163 | H12: 168.2 | I12: 175.2 | J12: 184.4 | K12: 190.4 | L12: 188.7 | M12: 190.9 | N12: 195.5 | O12: 198.8 | P12: 198.4 | Q12: 195.8 | R12: 192.6 | S12: 192.6 | T12: 203.1 | U12: 207.4 | V12: 209.9 | W12: 208.1 | X12: 202.2 | Y12: 198.1 | Z12: 194.1 | AA12: 191.6 | AB12: 194 | AC12: 193.9 | AD12: 192.6 | AE12: 183.4 | AF12: 183.3 | AI12: Fuel and light | AJ12: 0.68652005 | AK12: 0.68314218 | AL12: 0.67776211
A13: Fruits | B13: Rural | C13: Food | D13: =CORREL($E$3:$AF$3,E13:AF13) -> 0.64106986 | E13: 145.9 | F13: 147 | G13: 147.8 | H13: 150.5 | I13: 160.6 | J13: 162.3 | K13: 158.6 | L13: 157.7 | M13: 155.7 | N13: 152.7 | O13: 152.6 | P13: 153.2 | Q13: 152 | R13: 151.2 | S13: 151.4 | T13: 155.9 | U13: 169.7 | V13: 168 | W13: 165.8 | X13: 169.6 | Y13: 169.2 | Z13: 164.1 | AA13: 162.2 | AB13: 159.1 | AC13: 156.7 | AD13: 156.3 | AE13: 167.2 | AF13: 167.2 | AI13: Miscellaneous | AJ13: 0.65871203 | AK13: 0.66711383 | AL13: 0.67538784
A14: Vegetables | B14: Rural | C14: Food | D14: =CORREL($E$3:$AF$3,E14:AF14) -> -0.042841759 | E14: 225.2 | F14: 187.8 | G14: 149.7 | H14: 141 | I14: 135.1 | J14: 138.4 | K14: 144.7 | L14: 152.8 | M14: 153.9 | N14: 151.4 | O14: 170.4 | P14: 183.9 | Q14: 172.3 | R14: 159.2 | S14: 155.2 | T14: 155.8 | U14: 153.6 | V14: 160.4 | W14: 167.3 | X14: 168.6 | Y14: 173.1 | Z14: 176.9 | AA14: 184.8 | AB14: 171.6 | AC14: 150.2 | AD14: 142.9 | AE14: 140.9 | AF14: 140.9 | AI14: General index | AJ14: 0.64481964 | AK14: 0.65481753 | AL14: 0.66655127
A15: Pulses and products | B15: Rural | C15: Food | D15: =CORREL($E$3:$AF$3,E15:AF15) -> 0.42140674 | E15: 159.5 | F15: 159.5 | G15: 158.3 | H15: 159.2 | I15: 161.1 | J15: 165.1 | K15: 165.5 | L15: 163.6 | M15: 162.8 | N15: 163.9 | O15: 165.2 | P15: 165.4 | Q15: 164.5 | R15: 164 | S15: 163.9 | T15: 164.2 | U15: 165.1 | V15: 165 | W15: 164.6 | X15: 164.4 | Y15: 167.1 | Z15: 169 | AA15: 169.7 | AB15: 170.2 | AC15: 170.5 | AD15: 170.7 | AE15: 170.4 | AF15: 170.5 | AI15: Food and beverages | AJ15: 0.60256504 | AK15: 0.6261176 | AL15: 0.66292465
A16: Sugar and Confectionery | B16: Rural | C16: Food | D16: =CORREL($E$3:$AF$3,E16:AF16) -> 0.58356584 | E16: 114.4 | F16: 113.8 | G16: 111.8 | H16: 111.7 | I16: 112.2 | J16: 114.3 | K16: 114.6 | L16: 113.9 | M16: 115.2 | N16: 119.3 | O16: 121.6 | P16: 122.1 | Q16: 120.6 | R16: 119.3 | S16: 118.1 | T16: 118.1 | U16: 118.2 | V16: 118.9 | W16: 119.1 | X16: 119.2 | Y16: 120.2 | Z16: 120.8 | AA16: 121.1 | AB16: 121.5 | AC16: 121.2 | AD16: 120.3 | AE16: 119.1 | AF16: 119.1 | AI16: Household goods and services | AJ16: 0.61651401 | AK16: 0.62840567 | AL16: 0.6431123
A17: Spices | B17: Rural | C17: Food | D17: =CORREL($E$3:$AF$3,E17:AF17) -> 0.4709749 | E17: 163.5 | F17: 164.5 | G17: 165 | H17: 164 | I17: 164.4 | J17: 169.7 | K17: 170 | L17: 169.7 | M17: 169.8 | N17: 170.1 | O17: 170.6 | P17: 170.8 | Q17: 171.7 | R17: 173.3 | S17: 175.4 | T17: 178.7 | U17: 182.9 | V17: 186.6 | W17: 188.9 | X17: 191.8 | Y17: 195.6 | Z17: 199.1 | AA17: 201.6 | AB17: 204.8 | AC17: 207.5 | AD17: 210.5 | AE17: 212.1 | AF17: 212.1 | AI17: Non-alcoholic beverages | AJ17: 0.72105055 | AK17: 0.69006812 | AL17: 0.63631162
A18: Non-alcoholic beverages | B18: Rural | C18: Luxury | D18: =CORREL($E$3:$AF$3,E18:AF18) -> 0.72105055 | E18: 153.4 | F18: 156.1 | G18: 160 | H18: 160.6 | I18: 161.9 | J18: 164.6 | K18: 165.5 | L18: 166.2 | M18: 167.6 | N18: 168.3 | O18: 168.8 | P18: 169.1 | Q18: 169.7 | R18: 169.8 | S18: 170.5 | T18: 171.2 | U18: 172.4 | V18: 173.2 | W18: 174.2 | X18: 174.5 | Y18: 174.8 | Z18: 175.4 | AA18: 175.8 | AB18: 176.4 | AC18: 176.8 | AD18: 176.9 | AE18: 177.6 | AF18: 177.6 | AI18: Clothing | AJ18: 0.64551326 | AK18: 0.63999597 | AL18: 0.63047945
A19: Prepared meals, snacks, sweets etc. | B19: Rural | C19: Food | D19: =CORREL($E$3:$AF$3,E19:AF19) -> 0.62424662 | E19: 163.6 | F19: 164.3 | G19: 165.8 | H19: 166.4 | I19: 166.8 | J19: 169.8 | K19: 171.7 | L19: 171 | M19: 171.9 | N19: 172.8 | O19: 173.6 | P19: 174.3 | Q19: 175.1 | R19: 175.8 | S19: 176.3 | T19: 177.4 | U19: 178.9 | V19: 180.4 | W19: 181.9 | X19: 183.1 | Y19: 184 | Z19: 184.8 | AA19: 185.6 | AB19: 186.9 | AC19: 187.7 | AD19: 188.5 | AE19: 189.9 | AF19: 189.9 | AI19: Clothing and footwear | AJ19: 0.64988175 | AK19: 0.64290501 | AL19: 0.62974589
... A23: Footwear | B23: Rural | C23: Apparel | D23: =CORREL($E$3:$AF$3,E23:AF23) -> 0.6761175 | E23: 151.6 | F23: 152.4 | G23: 153.9 | H23: 154.4 | I23: 155.1 | J23: 160.6 | K23: 159.9 | L23: 161.1 | M23: 162.6 | N23: 163.6 | O23: 164.8 | P23: 166 | Q23: 167.3 | R23: 169.3 | S23: 171 | T23: 173.2 | U23: 175.1 | V23: 177.2 | W23: 178.7 | X23: 180.3 | Y23: 181.7 | Z23: 183.3 | AA23: 184.4 | AB23: 185.2 | AC23: 185.9 | AD23: 186.3 | AE23: 187 | AF23: 187 | AI23: Sugar and Confectionery | AJ23: 0.58356584 | AK23: 0.57331528 | AL23: 0.59659705
A24: Clothing and footwear | B24: Rural | C24: Apparel | D24: =CORREL($E$3:$AF$3,E24:AF24) -> 0.64988175 | E24: 156.3 | F24: 156.8 | G24: 158.4 | H24: 158.9 | I24: 159.9 | J24: 164.5 | K24: 164.6 | L24: 165.3 | M24: 166.3 | N24: 167.1 | O24: 168.3 | P24: 169.8 | Q24: 171.2 | R24: 172.7 | S24: 173.7 | T24: 175.1 | U24: 177.1 | V24: 179 | W24: 180.4 | X24: 181.7 | Y24: 183 | Z24: 184.5 | AA24: 185.9 | AB24: 186.9 | AC24: 187.8 | AD24: 188.6 | AE24: 189.6 | AF24: 189.6 | AI24: Housing | AJ24: #DIV/0! | AK24: 0.5806259 | AL24: 0.5806259
A25: Housing | B25: Rural | C25: Housing | D25: =CORREL($E$3:$AF$3,E25:AF25) -> #DIV/0! | E25: NA | F25: NA | G25: NA | H25: - | I25: - | J25: NA | K25: NA | L25: NA | M25: NA | N25: NA | O25: NA | P25: NA | Q25: NA | R25: NA | S25: NA | T25: NA | U25: NA | V25: NA | W25: NA | X25: NA | Y25: NA | Z25: NA | AA25: NA | AB25: NA | AC25: NA | AD25: NA | AE25: NA | AF25: NA | AI25: Education | AJ25: 0.58367873 | AK25: 0.56530283 | AL25: 0.55291079
A26: Fuel and light | B26: Rural | C26: Fuel and light | D26: =CORREL($E$3:$AF$3,E26:AF26) -> 0.68652005 | E26: 148.7 | F26: 150.9 | G26: 154.4 | H26: 156 | I26: 156 | J26: 161.7 | K26: 162.1 | L26: 162.5 | M26: 163.1 | N26: 163.7 | O26: 165.5 | P26: 165.3 | Q26: 165.6 | R26: 165.8 | S26: 167.4 | T26: 168.9 | U26: 173.3 | V26: 175.3 | W26: 176.7 | X26: 179.6 | Y26: 179.1 | Z26: 179.7 | AA26: 180.8 | AB26: 181.9 | AC26: 182.8 | AD26: 183.2 | AE26: 181.6 | AF26: 181.4 | AI26: Fruits | AJ26: 0.64106986 | AK26: 0.60376982 | AL26: 0.54491402
A27: Household goods and services | B27: Rural | C27: Housing | D27: =CORREL($E$3:$AF$3,E27:AF27) -> 0.61651401 | E27: 153.4 | F27: 153.9 | G27: 154.8 | H27: 154.8 | I27: 155.5 | J27: 158.8 | K27: 159.2 | L27: 160.3 | M27: 160.9 | N27: 161.3 | O27: 162 | P27: 162.9 | Q27: 163.9 | R27: 164.9 | S27: 165.7 | T27: 166.5 | U27: 167.7 | V27: 168.9 | W27: 170.3 | X27: 171.3 | Y27: 172.3 | Z27: 173.6 | AA27: 174.4 | AB27: 175.5 | AC27: 176.4 | AD27: 177.2 | AE27: 178.6 | AF27: 178.6 | AI27: Personal care and effects | AJ27: 0.56142455 | AK27: 0.54573216 | AL27: 0.51823921
A28: Health | B28: Rural | C28: Health | D28: =CORREL($E$3:$AF$3,E28:AF28) -> 0.63131524 | E28: 161.6 | F28: 162.5 | G28: 164.3 | H28: 164.6 | I28: 165.3 | J28: 169.1 | K28: 169.7 | L28: 170.4 | M28: 171.1 | N28: 171.9 | O28: 172.5 | P28: 173.4 | Q28: 174 | R28: 174.7 | S28: 175.3 | T28: 176 | U28: 177 | V28: 177.7 | W28: 178.2 | X28: 178.8 | Y28: 179.4 | Z28: 180.2 | AA28: 181.2 | AB28: 182.3 | AC28: 183.5 | AD28: 184.7 | AE28: 186.6 | AF28: 186.6 | AI28: Pan, tobacco and intoxicants | AJ28: 0.60100447 | AK28: 0.58049368 | AL28: 0.51664528
A29: Transport and communication | B29: Rural | C29: Transport | D29: =CORREL($E$3:$AF$3,E29:AF29) -> 0.75422627 | E29: 146.4 | F29: 147.5 | G29: 150.2 | H29: 151.3 | I29: 151.7 | J29: 153.2 | K29: 154.2 | L29: 157.1 | M29: 157.7 | N29: 157.8 | O29: 159.5 | P29: 158.9 | Q29: 160.1 | R29: 160.8 | S29: 161.2 | T29: 162 | U29: 166.2 | V29: 167.1 | W29: 165.5 | X29: 166.3 | Y29: 166.6 | Z29: 166.9 | AA29: 167.4 | AB29: 167.5 | AC29: 167.8 | AD29: 168.2 | AE29: 169 | AF29: 169 | AI29: Milk and products | AJ29: 0.49208178 | AK29: 0.49054554 | AL29: 0.48804738
A30: Recreation and amusement | B30: Rural | C30: Recreation and amusement | D30: =CORREL($E$3:$AF$3,E30:AF30) -> 0.68906698 | E30: 153.9 | F30: 155.1 | G30: 157 | H30: 157.8 | I30: 158.6 | J30: 160 | K30: 160.4 | L30: 160.7 | M30: 161.1 | N30: 162.7 | O30: 163.2 | P30: 163.8 | Q30: 164.5 | R30: 164.9 | S30: 165.5 | T30: 166.6 | U30: 167.2 | V30: 167.6 | W30: 168 | X30: 168.6 | Y30: 169.3 | Z30: 170 | AA30: 170.6 | AB30: 170.8 | AC30: 171.2 | AD30: 171.8 | AE30: 172.8 | AF30: 172.8 | AI30: Spices | AJ30: 0.4709749 | AK30: 0.46693302 | AL30: 0.45829349
A31: Education | B31: Rural | C31: Education | D31: =CORREL($E$3:$AF$3,E31:AF31) -> 0.58367873 | E31: 162.9 | F31: 163.5 | G31: 163.6 | H31: 163.8 | I31: 164.1 | J31: 167.6 | K31: 166.8 | L31: 167.2 | M31: 167.5 | N31: 168.5 | O31: 169 | P31: 169.3 | Q31: 169.7 | R31: 169.9 | S31: 170.3 | T31: 170.6 | U31: 170.9 | V31: 171.8 | W31: 172.6 | X31: 174.7 | Y31: 175.7 | Z31: 176.2 | AA31: 176.5 | AB31: 176.9 | AC31: 177.3 | AD31: 177.8 | AE31: 178.5 | AF31: 178.5 | AI31: Cereals and products | AJ31: 0.35015776 | AK31: 0.35390489 | AL31: 0.36599496
A32: Personal care and effects | B32: Rural | C32: Personal care and effects | D32: =CORREL($E$3:$AF$3,E32:AF32) -> 0.56142455 | E32: 156.6 | F32: 156.2 | G32: 155.2 | H32: 153.1 | I32: 154.6 | J32: 159.3 | K32: 159.4 | L32: 160.4 | M32: 160.3 | N32: 160.2 | O32: 161.1 | P32: 162.4 | Q32: 162.8 | R32: 163.2 | S32: 164.5 | T32: 167.4 | U32: 169 | V32: 168.5 | W32: 169.5 | X32: 169.7 | Y32: 171.1 | Z32: 170.8 | AA32: 172 | AB32: 173.4 | AC32: 175.7 | AD32: 178.4 | AE32: 180.7 | AF32: 180.7 | AI32: Vegetables | AJ32: -0.042841759 | AK32: 0.055923123 | AL32: 0.22199556
A33: Miscellaneous | B33: Rural | C33: Misc | D33: =CORREL($E$3:$AF$3,E33:AF33) -> 0.65871203 | E33: 155.2 | F33: 155.9 | G33: 157.2 | H33: 157.3 | I33: 158 | J33: 161.1 | K33: 161.5 | L33: 162.8 | M33: 163.3 | N33: 163.8 | O33: 164.7 | P33: 165.2 | Q33: 166 | R33: 166.6 | S33: 167.3 | T33: 168.3 | U33: 170.2 | V33: 170.9 | W33: 171 | X33: 171.8 | Y33: 172.6 | Z33: 173.1 | AA33: 173.9 | AB33: 174.6 | AC33: 175.5 | AD33: 176.5 | AE33: 177.9 | AF33: 177.9 | AI33: Pulses and products | AJ33: 0.42140674 | AK33: 0.34068109 | AL33: 0.18291925
A34: General index | B34: Rural | C34: GI | D34: =CORREL($E$3:$AF$3,E34:AF34) -> 0.64481964 | E34: 160.7 | F34: 158.5 | G34: 156.7 | H34: 156.7 | I34: 157.6 | J34: 161.1 | K34: 162.1 | L34: 163.2 | M34: 163.6 | N34: 164 | O34: 166.3 | P34: 167.6 | Q34: 167 | R34: 166.4 | S34: 166.7 | T34: 168.7 | U34: 170.8 | V34: 172.5 | W34: 173.6 | X34: 174.3 | Y34: 175.3 | Z34: 176.4 | AA34: 177.9 | AB34: 177.8 | AC34: 177.1 | AD34: 177.8 | AE34: 178 | AF34: 178 | AI34: Egg | AJ34: -0.17059784 | AK34: -0.1890817 | AL34: -0.23519089
A41: Category | B41: Sector | C41: New Category | D41: Correlation | E41: December-2020 | F41: January-2021 | G41: February-2021 | H41: March-2021 | I41: April-2021 | J41: May-2021 | K41: June-2021 | L41: July-2021 | M41: August-2021 | N41: September-2021 | O41: October-2021 | P41: November-2021 | Q41: December-2021 | R41: January-2022 | S41: February-2022 | T41: March-2022 | U41: April-2022 | V41: May-2022 | W41: June-2022 | X41: July-2022 | Y41: August-2022 | Z41: September-2022 | AA41: October-2022 | AB41: November-2022 | AC41: December-2022 | AD41: January-2023 | AE41: February-2023 | AF41: March-2023
A42: Cereals and products | B42: Rural+Urban | C42: Food | D42: =CORREL($E$3:$AF$3,E42:AF42) -> 0.35390489 | E42: 146 | F42: 144.9 | G42: 144.3 | H42: 144.1 | I42: 144.3 | J42: 146.3 | K42: 146.7 | L42: 146.4 | M42: 146.6 | N42: 146.6 | O42: 147.4 | P42: 148.2 | Q42: 148.7 | R42: 149.5 | S42: 150 | T42: 151.3 | U42: 152.9 | V42: 154.1 | W42: 155 | X42: 156.5 | Y42: 160.3 | Z42: 163.5 | AA42: 165.2 | AB42: 167.4 | AC42: 169.2 | AD42: 173.8 | AE42: 174.4 | AF42: 174.4
A43: Meat and fish | B43: Rural+Urban | C43: Food | D43: =CORREL($E$3:$AF$3,E43:AF43) -> 0.8359875 | E43: 191 | F43: 190.1 | G43: 186.5 | H43: 192.2 | I43: 198 | J43: 200.5 | K43: 202 | L43: 206.8 | M43: 204 | N43: 204 | O43: 204.6 | P43: 201.6 | Q43: 198.8 | R43: 198.7 | S43: 200.6 | T43: 210.7 | U43: 211.8 | V43: 217 | W43: 219.4 | X43: 213 | Y43: 206.5 | Z43: 209.2 | AA43: 210.9 | AB43: 209.4 | AC43: 209 | AD43: 210.7 | AE43: 207.7 | AF43: 207.7
A44: Egg | B44: Rural+Urban | C44: Food | D44: =CORREL($E$3:$AF$3,E44:AF44) -> -0.1890817 | E44: 175.3 | F44: 175.3 | G44: 168.7 | H44: 163.8 | I44: 164.6 | J44: 170.3 | K44: 180.7 | L44: 182.2 | M44: 172.8 | N44: 172.8 | O44: 171.2 | P44: 173 | Q44: 177.9 | R44: 178.8 | S44: 175.8 | T44: 167.8 | U44: 164.5 | V44: 162.4 | W44: 170.8 | X44: 175.2 | Y44: 169.2 | Z44: 169.7 | AA44: 170.9 | AB44: 181.4 | AC44: 190.2 | AD44: 194.5 | AE44: 175.2 | AF44: 175.2
A45: Milk and products | B45: Rural+Urban | C45: Food | D45: =CORREL($E$3:$AF$3,E45:AF45) -> 0.49054554 | E45: 154.1 | F45: 154.1 | G45: 154.7 | H45: 154.9 | I45: 155.4 | J45: 156.1 | K45: 156.2 | L45: 157.5 | M45: 158.4 | N45: 158.4 | O45: 158.7 | P45: 159.3 | Q45: 159.9 | R45: 160.5 | S45: 160.7 | T45: 162.2 | U45: 163.9 | V45: 164.9 | W45: 165.8 | X45: 166.6 | Y45: 168.1 | Z45: 169.7 | AA45: 170.9 | AB45: 172.3 | AC45: 173.6 | AD45: 174.6 | AE45: 177.3 | AF45: 177.3
A46: Oils and fats | B46: Rural+Urban | C46: Food | D46: =CORREL($E$3:$AF$3,E46:AF46) -> 0.84422773 | E46: 146.6 | F46: 150.9 | G46: 158.7 | H46: 163.9 | I46: 170.1 | J46: 178.7 | K46: 183.7 | L46: 182.1 | M46: 188 | N46: 188 | O46: 190.6 | P46: 190.1 | Q46: 187.6 | R46: 184.7 | S46: 184.9 | T46: 194.6 | U46: 199.5 | V46: 202.4 | W46: 200.9 | X46: 195.8 | Y46: 192.4 | Z46: 188.7 | AA46: 186.5 | AB46: 188.9 | AC46: 188.5 | AD46: 187.2 | AE46: 179.3 | AF46: 179.2
A47: Fruits | B47: Rural+Urban | C47: Food | D47: =CORREL($E$3:$AF$3,E47:AF47) -> 0.60376982 | E47: 147.7 | F47: 149.6 | G47: 150.7 | H47: 153.7 | I47: 164.4 | J47: 167.1 | K47: 164.6 | L47: 163.9 | M47: 156.8 | N47: 156.7 | O47: 155.7 | P47: 156.5 | Q47: 154.9 | R47: 153.7 | S47: 153.7 | T47: 157.6 | U47: 172.6 | V47: 171 | W47: 169.7 | X47: 174.2 | Y47: 172.9 | Z47: 165.7 | AA47: 163.8 | AB47: 160.7 | AC47: 158 | AD47: 158.3 | AE47: 169.5 | AF47: 169.5
A48: Vegetables | B48: Rural+Urban | C48: Food | D48: =CORREL($E$3:$AF$3,E48:AF48) -> 0.055923123 | E48: 230.5 | F48: 194.2 | G48: 160 | H48: 149.5 | I48: 144.1 | J48: 147.9 | K48: 155.4 | L48: 164.2 | M48: 162.2 | N48: 162.3 | O48: 185.3 | P48: 199.2 | Q48: 188.3 | R48: 174.3 | S48: 169.7 | T48: 166.9 | U48: 166.2 | V48: 174.9 | W48: 182.3 | X48: 182.1 | Y48: 186.7 | Z48: 191.8 | AA48: 199.7 | AB48: 183.1 | AC48: 159.9 | AD48: 153.9 | AE48: 152.7 | AF48: 152.8
A49: Pulses and products | B49: Rural+Urban | C49: Food | D49: =CORREL($E$3:$AF$3,E49:AF49) -> 0.34068109 | E49: 160.2 | F49: 160.4 | G49: 158.8 | H49: 159.8 | I49: 161.7 | J49: 165.4 | K49: 166 | L49: 164 | M49: 164.1 | N49: 164.1 | O49: 165.2 | P49: 165.3 | Q49: 164.4 | R49: 163.9 | S49: 163.7 | T49: 163.9 | U49: 164.7 | V49: 164.7 | W49: 164.3 | X49: 164.3 | Y49: 167.2 | Z49: 169.1 | AA49: 169.8 | AB49: 170.5 | AC49: 170.8 | AD49: 170.9 | AE49: 171 | AF49: 171.1
A50: Sugar and Confectionery | B50: Rural+Urban | C50: Food | D50: =CORREL($E$3:$AF$3,E50:AF50) -> 0.57331528 | E50: 115.3 | F50: 114.6 | G50: 112.8 | H50: 112.6 | I50: 113.1 | J50: 114.8 | K50: 115.1 | L50: 114.5 | M50: 119.7 | N50: 119.7 | O50: 121.9 | P50: 122.4 | Q50: 121 | R50: 120 | S50: 118.9 | T50: 118.8 | U50: 119 | V50: 119.7 | W50: 119.9 | X50: 120 | Y50: 120.9 | Z50: 121.6 | AA50: 121.9 | AB50: 122.1 | AC50: 121.8 | AD50: 121.1 | AE50: 120 | AF50: 120
A51: Spices | B51: Rural+Urban | C51: Food | D51: =CORREL($E$3:$AF$3,E51:AF51) -> 0.46693302 | E51: 163 | F51: 164 | G51: 164.2 | H51: 163.5 | I51: 163.9 | J51: 168.2 | K51: 168.5 | L51: 168.3 | M51: 168.8 | N51: 168.8 | O51: 169.3 | P51: 169.6 | Q51: 170.5 | R51: 172.1 | S51: 174.3 | T51: 177.4 | U51: 181.3 | V51: 184.9 | W51: 187.1 | X51: 190 | Y51: 193.6 | Z51: 197.3 | AA51: 199.9 | AB51: 202.8 | AC51: 205.2 | AD51: 208.4 | AE51: 209.7 | AF51: 209.7
A52: Non-alcoholic beverages | B52: Rural+Urban | C52: Luxury | D52: =CORREL($E$3:$AF$3,E52:AF52) -> 0.69006812 | E52: 149.2 | F52: 151.8 | G52: 155.5 | H52: 156.5 | I52: 157.6 | J52: 159.3 | K52: 160 | L52: 160.9 | M52: 162.7 | N52: 162.7 | O52: 163.2 | P52: 163.7 | Q52: 164.2 | R52: 164.3 | S52: 164.7 | T52: 165.3 | U52: 166.2 | V52: 167.1 | W52: 167.9 | X52: 168.4 | Y52: 168.8 | Z52: 169.4 | AA52: 169.9 | AB52: 170.4 | AC52: 171 | AD52: 171.4 | AE52: 172.3 | AF52: 172.3
A53: Prepared meals, snacks, sweets etc. | B53: Rural+Urban | C53: Food | D53: =CORREL($E$3:$AF$3,E53:AF53) -> 0.61390514 | E53: 164.8 | F53: 165.6 | G53: 167.5 | H53: 168.2 | I53: 168.9 | J53: 170.4 | K53: 172.4 | L53: 172.2 | M53: 173.9 | N53: 173.9 | O53: 174.7 | P53: 175.5 | Q53: 176.5 | R53: 177.3 | S53: 178 | T53: 179.3 | U53: 180.9 | V53: 182.5 | W53: 183.9 | X53: 185.2 | Y53: 186.3 | Z53: 187.4 | AA53: 188.3 | AB53: 189.5 | AC53: 190.3 | AD53: 191.2 | AE53: 193 | AF53: 193
... A68: General index | B68: Rural+Urban | C68: GI | D68: =CORREL($E$3:$AF$3,E68:AF68) -> 0.65481753 | E68: 158.9 | F68: 157.3 | G68: 156.6 | H68: 156.8 | I68: 157.8 | J68: 160.4 | K68: 161.3 | L68: 162.5 | M68: 163.2 | N68: 163.2 | O68: 165.5 | P68: 166.7 | Q68: 166.2 | R68: 165.7 | S68: 166.1 | T68: 167.7 | U68: 170.1 | V68: 171.7 | W68: 172.6 | X68: 173.4 | Y68: 174.3 | Z68: 175.3 | AA68: 176.7 | AB68: 176.5 | AC68: 175.7 | AD68: 176.5 | AE68: 177.2 | AF68: 177.2
A73: Category | B73: Sector | C73: New Category | D73: Correlation | E73: December-2020 | F73: January-2021 | G73: February-2021 | H73: March-2021 | I73: April-2021 | J73: May-2021 | K73: June-2021 | L73: July-2021 | M73: August-2021 | N73: September-2021 | O73: October-2021 | P73: November-2021 | Q73: December-2021 | R73: January-2022 | S73: February-2022 | T73: March-2022 | U73: April-2022 | V73: May-2022 | W73: June-2022 | X73: July-2022 | Y73: August-2022 | Z73: September-2022 | AA73: October-2022 | AB73: November-2022 | AC73: December-2022 | AD73: January-2023 | AE73: February-2023 | AF73: March-2023
A74: Cereals and products | B74: Urban | C74: Food | D74: =CORREL($E$3:$AF$3,E74:AF74) -> 0.36599496 | E74: 149 | F74: 148 | G74: 147.6 | H74: 147.5 | I74: 147.6 | J74: 148.8 | K74: 149.2 | L74: 149.1 | M74: 149.3 | N74: 149.3 | O74: 150.1 | P74: 151 | Q74: 151.6 | R74: 152.2 | S74: 152.5 | T74: 153.7 | U74: 155.4 | V74: 156.7 | W74: 157.5 | X74: 159.3 | Y74: 162.1 | Z74: 164.9 | AA74: 166.4 | AB74: 168.4 | AC74: 170.2 | AD74: 173.3 | AE74: 174.7 | AF74: 174.7
A75: Meat and fish | B75: Urban | C75: Food | D75: =CORREL($E$3:$AF$3,E75:AF75) -> 0.84330774 | E75: 195.7 | F75: 194.8 | G75: 191.2 | H75: 197.5 | I75: 202.5 | J75: 204.3 | K75: 205.5 | L75: 210.9 | M75: 207.4 | N75: 207.4 | O75: 208.4 | P75: 204.9 | Q75: 202.2 | R75: 202.1 | S75: 205.2 | T75: 215.8 | U75: 215.8 | V75: 221.2 | W75: 223.4 | X75: 217.1 | Y75: 210.9 | Z75: 213.7 | AA75: 214.9 | AB75: 213.4 | AC75: 212.9 | AD75: 215.2 | AE75: 212.2 | AF75: 212.2
A76: Egg | B76: Urban | C76: Food | D76: =CORREL($E$3:$AF$3,E76:AF76) -> -0.23519089 | E76: 178.3 | F76: 178.4 | G76: 169.9 | H76: 164.7 | I76: 166.4 | J76: 173 | K76: 182.8 | L76: 185 | M76: 174.1 | N76: 174.1 | O76: 173 | P76: 175.4 | Q76: 180 | R76: 180.1 | S76: 176.4 | T76: 167.7 | U76: 164.6 | V76: 164.1 | W76: 172.8 | X76: 176.6 | Y76: 170.6 | Z76: 170.9 | AA76: 171.9 | AB76: 183.2 | AC76: 191.9 | AD76: 197 | AE76: 177.2 | AF76: 177.2
A77: Milk and products | B77: Urban | C77: Food | D77: =CORREL($E$3:$AF$3,E77:AF77) -> 0.48804738 | E77: 154.2 | F77: 154.4 | G77: 155.1 | H77: 155.6 | I77: 156 | J77: 156.5 | K77: 156.5 | L77: 158.2 | M77: 159.2 | N77: 159.1 | O77: 159.2 | P77: 159.6 | Q77: 160 | R77: 160.4 | S77: 160.6 | T77: 162.6 | U77: 164.2 | V77: 165.4 | W77: 166.4 | X77: 167.1 | Y77: 168.4 | Z77: 170.1 | AA77: 171 | AB77: 172.3 | AC77: 173.9 | AD77: 175.2 | AE77: 177.9 | AF77: 177.9
A78: Oils and fats | B78: Urban | C78: Food | D78: =CORREL($E$3:$AF$3,E78:AF78) -> 0.85325827 | E78: 140.7 | F78: 144.1 | G78: 151.4 | H78: 156.4 | I78: 161.4 | J78: 168.8 | K78: 172.2 | L78: 170.6 | M78: 175 | N78: 175 | O78: 176.6 | P78: 175.8 | Q78: 173.5 | R78: 171 | S78: 171.5 | T78: 180 | U78: 186 | V78: 189.5 | W78: 188.6 | X78: 184.8 | Y78: 182.5 | Z78: 179.3 | AA78: 177.7 | AB78: 180 | AC78: 179.1 | AD78: 178 | AE78: 172.2 | AF78: 172.2
A79: Fruits | B79: Urban | C79: Food | D79: =CORREL($E$3:$AF$3,E79:AF79) -> 0.54491402 | E79: 149.7 | F79: 152.6 | G79: 154 | H79: 157.3 | I79: 168.8 | J79: 172.5 | K79: 171.5 | L79: 170.9 | M79: 161.3 | N79: 161.2 | O79: 159.3 | P79: 160.3 | Q79: 158.3 | R79: 156.5 | S79: 156.4 | T79: 159.6 | U79: 175.9 | V79: 174.5 | W79: 174.1 | X79: 179.5 | Y79: 177.1 | Z79: 167.5 | AA79: 165.7 | AB79: 162.6 | AC79: 159.5 | AD79: 160.5 | AE79: 172.1 | AF79: 172.1
A80: Vegetables | B80: Urban | C80: Food | D80: =CORREL($E$3:$AF$3,E80:AF80) -> 0.22199556 | E80: 240.9 | F80: 206.8 | G80: 180.2 | H80: 166.1 | I80: 161.6 | J80: 166.5 | K80: 176.2 | L80: 186.4 | M80: 183.3 | N80: 183.5 | O80: 214.4 | P80: 229.1 | Q80: 219.5 | R80: 203.6 | S80: 198 | T80: 188.4 | U80: 190.7 | V80: 203.2 | W80: 211.5 | X80: 208.5 | Y80: 213.1 | Z80: 220.8 | AA80: 228.6 | AB80: 205.5 | AC80: 178.7 | AD80: 175.3 | AE80: 175.8 | AF80: 175.9
A81: Pulses and products | B81: Urban | C81: Food | D81: =CORREL($E$3:$AF$3,E81:AF81) -> 0.18291925 | E81: 161.5 | F81: 162.1 | G81: 159.8 | H81: 161.1 | I81: 162.8 | J81: 165.9 | K81: 166.9 | L81: 164.7 | M81: 164.5 | N81: 164.5 | O81: 165.3 | P81: 165.1 | Q81: 164.2 | R81: 163.8 | S81: 163.2 | T81: 163.4 | U81: 164 | V81: 164.1 | W81: 163.6 | X81: 164 | Y81: 167.3 | Z81: 169.2 | AA81: 169.9 | AB81: 171 | AC81: 171.3 | AD81: 171.2 | AE81: 172.2 | AF81: 172.2
A82: Sugar and Confectionery | B82: Urban | C82: Food | D82: =CORREL($E$3:$AF$3,E82:AF82) -> 0.59659705 | E82: 117.1 | F82: 116.3 | G82: 114.9 | H82: 114.3 | I82: 114.8 | J82: 115.9 | K82: 116.1 | L82: 115.7 | M82: 120.4 | N82: 120.4 | O82: 122.5 | P82: 123.1 | Q82: 121.9 | R82: 121.3 | S82: 120.6 | T82: 120.3 | U82: 120.5 | V82: 121.2 | W82: 121.4 | X82: 121.5 | Y82: 122.2 | Z82: 123.1 | AA82: 123.4 | AB82: 123.4 | AC82: 123.1 | AD82: 122.7 | AE82: 121.9 | AF82: 121.9
A83: Spices | B83: Urban | C83: Food | D83: =CORREL($E$3:$AF$3,E83:AF83) -> 0.45829349 | E83: 161.9 | F83: 163 | G83: 162.5 | H83: 162.6 | I83: 162.8 | J83: 165.2 | K83: 165.5 | L83: 165.5 | M83: 166.2 | N83: 166.2 | O83: 166.8 | P83: 167.2 | Q83: 168.2 | R83: 169.8 | S83: 172.2 | T83: 174.7 | U83: 178 | V83: 181.4 | W83: 183.5 | X83: 186.3 | Y83: 189.7 | Z83: 193.6 | AA83: 196.4 | AB83: 198.8 | AC83: 200.5 | AD83: 204.3 | AE83: 204.8 | AF83: 204.8
A84: Non-alcoholic beverages | B84: Urban | C84: Luxury | D84: =CORREL($E$3:$AF$3,E84:AF84) -> 0.63631162 | E84: 143.3 | F84: 145.9 | G84: 149.2 | H84: 150.7 | I84: 151.5 | J84: 152 | K84: 152.3 | L84: 153.4 | M84: 154.8 | N84: 154.8 | O84: 155.4 | P84: 156.1 | Q84: 156.5 | R84: 156.6 | S84: 156.7 | T84: 157.1 | U84: 157.5 | V84: 158.5 | W84: 159.1 | X84: 159.8 | Y84: 160.5 | Z84: 161.1 | AA84: 161.6 | AB84: 162.1 | AC84: 162.8 | AD84: 163.7 | AE84: 164.9 | AF84: 164.9
A85: Prepared meals, snacks, sweets etc. | B85: Urban | C85: Food | D85: =CORREL($E$3:$AF$3,E85:AF85) -> 0.60457237 | E85: 166.1 | F85: 167.2 | G85: 169.4 | H85: 170.3 | I85: 171.4 | J85: 171.1 | K85: 173.3 | L85: 173.5 | M85: 175.1 | N85: 175.1 | O85: 175.9 | P85: 176.8 | Q85: 178.2 | R85: 179 | S85: 180 | T85: 181.5 | U85: 183.3 | V85: 184.9 | W85: 186.3 | X85: 187.7 | Y85: 188.9 | Z85: 190.4 | AA85: 191.5 | AB85: 192.4 | AC85: 193.3 | AD85: 194.3 | AE85: 196.6 | AF85: 196.6
... A100: General index | B100: Urban | C100: GI | D100: =CORREL($E$3:$AF$3,E100:AF100) -> 0.66655127 | E100: 156.9 | F100: 156 | G100: 156.5 | H100: 156.9 | I100: 158 | J100: 159.5 | K100: 160.4 | L100: 161.8 | M100: 162.3 | N100: 162.3 | O100: 164.6 | P100: 165.6 | Q100: 165.2 | R100: 165 | S100: 165.5 | T100: 166.5 | U100: 169.2 | V100: 170.8 | W100: 171.4 | X100: 172.3 | Y100: 173.1 | Z100: 174.1 | AA100: 175.3 | AB100: 174.1 | AC100: 174.1 | AD100: 174.9 | AE100: 176.3 | AF100: 176.3

Sheet Sheet4
A1: Petroleum Planning & Analysis Cell
A7: Crude Oil FOB Price (Indian Basket)
A9: Table Posted: (01-04-2025)
A10: Period : Since 2000-01
O11: ($/bbl.)
A12: Year | B12: 33329 | C12: 33359 | D12: 33390 | E12: 33420 | F12: 33451 | G12: 33482 | H12: 33512 | I12: 33543 | J12: 33573 | K12: 33604 | L12: 33635 | M12: 33664 | N12: Average | O12: Ratio *
A13: 2000-01 | B13: 22.51 | C13: 26.6 | D13: 28.49 | E13: 27.26 | F13: 28.328849 | G13: 31.34 | H13: 30.5 | I13: 30.926622 | J13: 23.25 | K13: 24.02 | L13: 25.92 | M13: 23.82 | N13: 26.924167 | O13: 57:43
A14: 2001-02 | B14: 24.82 | C14: 26.95 | D14: 26.63 | E14: 23.99 | F14: 25.01 | G14: 24.79 | H14: 20.05 | I14: 18.24 | J14: 18.24 | K14: 18.92 | L14: 19.529987 | M14: 23.31 | N14: 22.551701 | O14: 57:43
A15: 2002-03 | B15: 25.029406 | C15: 24.994865 | D15: 24.051814 | E15: 25.183222 | F15: 25.855818 | G15: 27.495243 | H15: 26.902101 | I15: 23.682512 | J15: 27.110101 | K15: 29.59255 | L15: 31.308381 | M15: 28.825039 | N15: 26.6 | O15: 57:43
A16: 2003-04 | B16: 24.214592 | C16: 24.988879 | D16: 26.425925 | E16: 27.45845 | F16: 28.663599 | G16: 26.265218 | H16: 28.449944 | I16: 28.226284 | J16: 28.966611 | K16: 29.999534 | L16: 29.647267 | M16: 32.210323 | N16: 27.98 | O16: 57:43
A17: 2004-05 | B17: 32.365205 | C17: 36.078851 | D17: 34.159548 | E17: 36.353382 | F17: 40.5172 | G17: 39.149477 | H17: 43.375467 | I17: 38.89887 | J17: 36.816215 | K17: 40.962002 | L17: 42.670599 | M17: 49.27002 | N17: 39.205833 | O17: 57:43
A18: 2005-06 | B18: 49.427602 | C18: 46.995224 | D18: 52.720745 | E18: 55.008083 | F18: 60.048336 | G18: 59.739214 | H18: 56.279062 | I18: 53.143808 | J18: 55.045629 | K18: 60.542917 | L18: 58.95333 | M18: 60.011574 | N18: 55.72 | O18: 58:42
A19: 2006-07 | B19: 67.055031 | C19: 67.223591 | D19: 66.897535 | E19: 71.285795 | F19: 70.775922 | G19: 60.933454 | H19: 57.270685 | I19: 57.793638 | J19: 60.344671 | K19: 52.529441 | L19: 56.531045 | M19: 60.262108 | N19: 62.46 | O19: 59.8:40.2
A20: 2007-08 | B20: 65.481951 | C20: 65.695437 | D20: 68.099251 | E20: 72.575062 | F20: 68.982337 | G20: 74.776604 | H20: 79.327164 | I20: 89.107014 | J20: 87.921265 | K20: 89.517554 | L20: 92.374237 | M20: 99.759819 | N20: 79.249167 | O20: 61.4:38.6
A21: 2008-09 | B21: 105.72015 | C21: 120.90896 | D21: 129.71536 | E21: 132.47125 | F21: 113.05439 | G21: 96.812892 | H21: 69.121527 | I21: 50.907636 | J21: 40.611433 | K21: 43.986058 | L21: 43.217028 | M21: 46.021762 | N21: 83.566667 | O21: 62.3:37.7
A22: 2009-10 | B22: 50.135602 | C22: 58.00336 | D22: 69.115276 | E22: 64.82461 | F22: 71.979192 | G22: 67.70165 | H22: 73.064289 | I22: 77.390866 | J22: 75.016223 | K22: 76.608826 | L22: 73.694278 | M22: 78.0183 | N22: 69.76227 | O22: 63.5:36.5
A23: 2010-11 | B23: 84.081729 | C23: 76.161428 | D23: 74.33109 | E23: 73.543052 | F23: 75.126989 | G23: 76.093 | H23: 81.109814 | I23: 84.255699 | J23: 89.772982 | K23: 93.868448 | L23: 101.621 | M23: 110.71447 | N23: 85.09 | O23: 67.6:32.4
A24: 2011-12 | B24: 118.63579 | C24: 110.80254 | D24: 109.99407 | E24: 112.52711 | F24: 106.93536 | G24: 108.79065 | H24: 106.10837 | I24: 109.61574 | J24: 107.19389 | K24: 110.46828 | L24: 117.6662 | M24: 123.61056 | N24: 111.89 | O24: 65.2:34.8
... A37: 2024-25 | B37: 89.437476 | C37: 83.624938 | D37: 82.552871 | E37: 84.148165 | F37: 78.270687 | G37: 73.694889 | H37: 75.124705 | I37: 73.016987 | J37: 73.336847 | K37: 80.196197 | L37: 77.328567 | M37: 72.466606 | N37: 78.560027 | O37: 78.50:21.50
A38: Notes:
A39: * The composition of Indian Basket of Crude represents Average of Oman & Dubai for sour grades and Brent (Dated) for sweet grade in the ratio of crude processed during previous financial year, e.g. ratio of crude processed as indicated in the table above.
A40: - Crude oil prices are average of daily prices of respective month.
